country,n_countries,gdp_usd_bn,value_change_pct,volatility_pct,max_yearly_drop_pct,avg_inflation_pct,log10_gdp
Maldives,1,8.13,-0.32010481545938774,0.07412750428507162,-0.17178108472325482,1.2894732904843835,0.9100905455940682
Guatemala,1,128.886,-0.32954652048554633,1.7006477906225852,-2.3066221685099197,3.9671894744718816,2.1102057454918386
Macau,1,54.228,-0.55854163345056,0.4958102742921684,-0.7398984318162327,1.5708296665368786,1.7342235873788265
Hong Kong,1,450.138,-0.5814139902740934,0.49637723548458146,-0.7427349245026971,1.9224654612939893,2.6533456769991433
Guyana,1,33.961,-0.959232613908878,0.20864609562608843,-0.5857337719651801,2.4079521276155194,1.5309804697959382
Kuwait,1,172.92,-1.8282473619900763,0.8136271052191965,-1.5043400244362348,2.607781486672493,2.237845226861614
Uganda,1,73.37,-10.05677305671,3.278298265685752,-5.292566358523743,4.268928921699389,1.865518519074774
Romania,1,480.834,-10.398461033732076,4.647102419495401,-11.26290176087833,4.767265847437442,2.681995169249085
Peru,1,380.9,-10.72659708028909,4.595852512796963,-9.937058487777051,3.4830729763488106,2.580810972660946
Tonga,1,0.716,-12.643028850410387,1.797675321809336,-4.96004766099084,4.240071309290455,-0.14508697769214446
China,1,20851.593,-13.384967037191153,3.947792305643451,-6.275725003013022,1.4446117492482136,4.319139239390451
United Kingdom,3,4284.8769999999995,-13.815941599219329,6.246983131621303,-11.62368063942375,3.0312436320267193,3.6319383597509396
Sweden,1,760.481,-14.111662818972881,6.886417398094885,-15.203147710015852,2.687621478049969,2.881088368029734
Australia,4,2124.625,-14.233758054305367,4.860968402980769,-7.660603596601145,2.5370255266402495,3.327282287420475
Honduras,1,41.505,-15.441567568914138,1.9678492049036205,-4.444213879661596,4.675908942731383,1.6181004181966332
New Zealand,1,278.636,-16.63461119212437,5.001040515016015,-10.35918462237515,2.757393233311264,2.4450372269167437
Georgia,1,42.716,-17.257084866476035,7.2005371629629105,-10.078763394597157,4.888745594884834,1.630590577839291
Mexico,1,2120.855,-17.617882773279835,7.881819444632885,-15.086706312087038,4.6507581273912555,3.3265109774026973
Indonesia,1,1539.872,-18.743036246375322,2.5392097358290324,-6.01326526870587,3.2163880311905855,3.187484622132546
Japan,1,4379.253,-19.11953599877838,7.340701120324797,-16.53545558208549,1.2753314842004857,3.641400036155803
South Korea,1,1931.008,-20.492123573973885,4.521479497402532,-11.42091298130774,1.9680562029592565,3.2857840730277936
Philippines,1,512.222,-20.87164060558946,4.0338057589554195,-9.587739347506085,3.2248507480363218,2.7094582275361905
Hungary,1,271.122,-20.900351135526986,7.095510987205399,-18.6408418415844,5.196064454478413,2.4331647595242174
Norway,1,599.406,-22.428857715430574,6.399608132643496,-10.652682673138624,3.1620148477718555,2.777721085879979
Algeria,1,317.173,-23.490197471479355,4.084006611140003,-7.996516910467266,5.1534877719686385,2.501296210013489
Mauritius,1,17.119,-23.78475682092086,3.9117657285956864,-9.844265711516542,3.7515553628349223,1.233478391931892
Kenya,1,147.265,-24.07076538966996,5.847231833222676,-15.717528023976124,6.019797490935312,2.168099541730427
Botswana,1,21.937,-24.983675721446286,5.504012195213999,-10.361143656388371,4.230797466026363,1.3411772352473648
Nicaragua,1,24.227,-25.577157951206708,1.8664419069183866,-4.766148147409677,5.0787383688673735,1.3842996393083846
Nepal,1,45.844,-26.3883749327813,2.7158336970265142,-5.6432961549767064,5.519699097256987,1.661282503857652
India,2,4157.047,-26.39618341400356,2.872647145427526,-5.9620992805855755,4.529147891389285,3.6187849347119543
Jamaica,1,23.028,-26.478691010425827,2.3178906013146867,-6.49526816384034,5.035682100983118,1.3622562207830964
Dominican Republic,1,136.148,-27.330224117256464,3.3254544417605367,-9.25204453995213,3.991054422590997,2.1340112659819437
Namibia,1,17.314,-27.988636236588437,9.200207219823183,-12.420115667980735,4.529060982546568,1.2383974131812707
South Africa,2,482.936,-28.676226093580205,9.286443710921715,-13.261261766493392,5.1668352073519035,2.683889580671833
Eswatini,1,5.792,-28.676911605650236,9.297013313232153,-13.261261766493392,,0.7628285531890905
Paraguay,1,60.542,-31.019050602885002,3.5075063183722506,-8.211211210051793,4.2161423543814065,1.782056763740091
Chile,1,407.85,-31.24105625317435,7.041177402047274,-13.094807373263729,4.601482138071739,2.6105004666431815
Colombia,1,539.53,-32.35406412689091,6.637457620873641,-12.028351620079981,5.751576072683059,2.7320155981796765
Papua New Guinea,1,34.403,-32.849934901046964,3.466546244781837,-11.63786227512671,4.393265020269902,1.5365963154388915
Uruguay,1,96.092,-33.65691416051349,7.7757444775126405,-16.085187326629846,7.453597651767205,1.982687232616751
Madagascar,1,21.185,-35.23908554445693,3.5836678839741825,-7.837047514698026,7.269689874784138,1.3260284683370085
Bangladesh,1,510.705,-36.067607060600714,4.342111873259774,-13.699652438377708,6.963381041893976,2.70817010978775
Tajikistan,1,20.418,-38.47777893313899,8.127633320392803,-21.34542759026288,,1.310013199479453
Azerbaijan,1,78.372,-39.73154008525941,11.35670381458723,-35.79307091685923,6.742559602390824,1.8941609298083817
Solomon Islands,1,1.836,-4.949695679390887,1.6418614470167807,-2.7026017990874562,2.4965086408752324,0.26387267686522364
Gambia,1,2.792,-40.375120383072215,3.2893257416560657,-10.103496143279301,8.905809195303698,0.44591541395112344
Brazil,1,2635.912,-40.45580912242129,9.30804923932607,-23.48527064075373,5.762232542961926,3.420930907229881
Mongolia,1,28.45,-44.42230250382717,4.476863524314831,-12.275151063577706,6.934553910796674,1.4540822707310899
Burundi,1,8.137,-46.591067072696056,5.836819493783877,-20.968697103374122,12.67890379882645,0.9104643159956136
Ukraine,1,225.337,-47.60090187673056,6.51030251455977,-15.633124318730296,14.568189086241743,2.35283250808652
Belarus,1,102.042,-48.10987208831917,7.830627523516455,-19.952322859536096,8.13419693432623,2.008778962094276
Rwanda,1,17.336,-49.60654510436711,3.1040227679621646,-11.988943429078148,6.876377284079485,1.2389488983117616
Trinidad and Tobago,1,26.836,-5.503235755896929,1.4448573363918613,-4.3713668784269295,2.388059751150813,1.4287177832038316
Kazakhstan,1,360.456,-57.444637436384696,10.809634216367911,-35.197470968747666,9.488462174273149,2.556852259004273
Haiti,1,39.18,-61.18210170485347,11.641025982363864,-23.400574351667224,20.55701528968218,1.5930644316587175
Pakistan,1,407.786,-63.44590789177691,10.109422134222664,-26.926084735410317,10.190228440063569,2.610432311615942
DR Congo,1,123.406,-65.6181864730018,8.48331967195984,-31.00994358632333,,2.0913362756092506
Zambia,1,41.243,-65.84992560393783,14.968844776990828,-29.732147295516633,12.702692949951892,1.6153502481744988
Ghana,1,118.293,-70.41734939631101,12.441971788070964,-29.818432377544603,17.10937941827033,2.07295904596927
Libya,1,52.453,-73.95205102646457,21.594184862855887,-69.23934535484253,8.021316278071332,1.7197703323043412
Uzbekistan,1,181.502,-79.58576428702324,14.251839556754312,-42.0155711405517,11.486661258534253,2.25888141495989
Samoa,1,1.376,-8.261859771537505,2.3231594232523736,-4.94255937314051,3.071919070198058,0.13861843389949247
Canada,1,2507.34,-8.534366093905865,3.2919465039162428,-3.6631476094538096,2.510571204206055,3.399213229096589
Fiji,1,6.352,-8.76035654125591,2.8199342425314673,-5.9404578253768765,2.350663457043703,0.8029104894190399
Malaysia,1,516.428,-8.844219763164263,4.560409555877737,-5.857175086110411,1.82131199969415,2.7130097810688825
Egypt,1,429.645,-84.37617518179572,18.638928575203003,-43.62220220164931,16.148044864283644,2.6331097620494903
Angola,1,152.354,-86.8353488802399,22.690355836385194,-36.909595250042806,21.639318176370168,2.1828538609552983
Nigeria,1,377.365,-87.32595179293632,17.74031282098834,-56.37530423181405,17.69613022398757,2.576761617578391
Seychelles,1,2.251,-9.585653876129852,9.42153791707542,-20.34039077278318,2.2331895913970032,0.35237549500051996
Suriname,1,5.908,-90.8302462761015,19.779844030573887,-48.95709415228391,34.197900984095,0.7714404866399119
Turkey,1,1640.223,-93.10601593482757,10.313192681692593,-46.51953472259971,28.13917208680186,3.2149028974901372
Lebanon,1,34.497,-98.31564245810056,36.621195638030365,-89.13562452141795,63.71631167776,1.537781328693677
Argentina,1,688.378,-99.25589908341355,16.248679046030286,-67.61127157647992,,2.837826982179525
Saudi Arabia,20,2583.661,0.0,0.0,0.0,1.631143664321613,3.4122355296451703
Poland,1,1134.248,0.2382192281696227,6.484443359842589,-13.366396787622925,4.233648847686991,3.054708022154735
Cambodia,1,52.379,1.3533773850401332,0.6389575112753806,-0.7729277164794879,2.549898277392455,1.719157202782845
Cape Verde,1,3.448,1.5557866419463329,4.934866409035469,-11.104933220069046,1.762382862543275,0.5375672571526752
Bosnia and Herzegovina,1,36.771,1.587774026558253,4.907582611674437,-11.064210165645349,2.358554062376509,1.5655054408173654
Benin,1,27.786,1.5952504894886754,4.864990593365441,-10.965354849256915,1.1117258492087272,1.443826031377537
Ivory Coast,18,450.117,1.5952504894886754,4.917518626583079,-11.098669211388435,2.494399351321108,2.653325415664029
Denmark,3,511.152,1.6020016631058454,4.956062944195619,-11.150676177280793,1.814753101202741,2.708550064411133
North Macedonia,1,21.605,1.6139582313043244,4.924973772965392,-11.049595478797947,3.508800477111815,1.3345542706472489
Bulgaria,1,148.121,1.6832914711629288,4.919795070200402,-11.094137095293066,3.985657805861648,2.170616635412349
Germany,22,19200.477,1.8449760072972055,4.883245426179113,-10.965354849257015,2.6124671554748775,4.283312018073061
Eritrea,1,1.982,1.9900497512437942,0.5734329088972503,0.0,,0.2971036501492565
Czech Republic,1,432.597,12.415455625628358,5.532728413956184,-7.187709608825177,4.190783167087142,2.6360835033417147
Israel,1,719.848,12.600096082582525,4.97926468048333,-8.391842619629742,1.48886171937266,2.8572408023614853
Switzerland,2,1156.353,15.76045892956226,3.700898005357019,-4.292550438602261,0.5725061497412267,3.063090431445988
Iceland,1,43.8,2.7072416056607373,8.300113021446752,-11.668684261877083,4.097472650876661,1.6414741105040995
Croatia,1,116.574,2.8570918796475775,5.068508229048188,-11.168815708406932,2.7187762409369927,2.06660169865928
Armenia,1,31.873,23.489862966310326,6.035923566608365,-2.9300724327760874,2.714124059804367,1.5034229427372336
Thailand,1,579.996,4.1508236212533856,4.749116160679204,-8.796742720513773,0.8799556921811977,2.7634249984182513
Morocco,1,194.333,4.428438963790482,5.004825600480564,-11.536417819874723,2.054404914045514,2.288546555108212
Serbia,1,112.025,4.651124208226176,5.348372116732922,-10.985135074825836,4.366341340139705,2.049314952585081
Brunei,1,16.863,5.148056557022529,1.8689683016633027,-2.5489880345324734,0.5116693890567257,1.2269348400126001
Singapore,1,659.572,5.153160732724005,1.8786254892219238,-2.551982591876689,1.539342805688915,2.8192622107935823
Costa Rica,1,109.931,6.170632186415181,7.186295260565225,-5.780404042638654,1.5902185501427724,2.0411201785972173
Moldova,1,21.889,8.290023892473686,5.544173678036145,-6.438647769648953,8.541098527357219,1.34022592125719
