year,country_code,lcu_per_usd
2015,ABW,1.79
2016,ABW,1.79
2017,ABW,1.79
2018,ABW,1.79
2019,ABW,1.79
2020,ABW,1.79
2021,ABW,1.79
2022,ABW,1.79
2023,ABW,1.79
2024,ABW,1.79
2025,ABW,1.79
2015,AFG,61.143462
2016,AFG,67.866086
2017,AFG,68.026904
2018,AFG,72.083247
2019,AFG,77.737949
2020,AFG,76.813536
2015,AGO,120.060702
2016,AGO,163.656434
2017,AGO,165.915951
2018,AGO,252.855748
2019,AGO,364.825805
2020,AGO,578.25878
2021,AGO,631.441956
2022,AGO,460.567512
2023,AGO,685.020238
2024,AGO,869.84619
2025,AGO,911.993038
2015,ALB,125.961667
2016,ALB,124.1425
2017,ALB,119.1
2018,ALB,107.989167
2019,ALB,109.850833
2020,ALB,108.65
2021,ALB,103.52
2022,ALB,113.041667
2023,ALB,100.645
2024,ALB,93.123333
2021,AND,0.845377
2022,AND,0.950916
2023,AND,0.92471
2024,AND,0.924367
2025,AND,0.887144
2015,ARE,3.6725
2016,ARE,3.6725
2017,ARE,3.6725
2018,ARE,3.6725
2019,ARE,3.6725
2020,ARE,3.6725
2021,ARE,3.6725
2022,ARE,3.6725
2023,ARE,3.6725
2024,ARE,3.6725
2025,ARE,3.6725
2015,ARG,9.233186
2016,ARG,14.758175
2017,ARG,16.562707
2018,ARG,28.094992
2019,ARG,48.147892
2020,ARG,70.539167
2021,ARG,94.990742
2022,ARG,130.61655
2023,ARG,296.258042
2024,ARG,914.694883
2025,ARG,1240.85125
2015,ARM,477.918307
2016,ARM,480.488151
2017,ARM,482.716394
2018,ARM,482.987947
2019,ARM,480.445129
2020,ARM,489.008859
2021,ARM,503.769675
2022,ARM,435.66618
2023,ARM,392.476302
2024,ARM,392.729551
2025,ARM,387.010152
2015,ASM,1.0
2016,ASM,1.0
2017,ASM,1.0
2018,ASM,1.0
2019,ASM,1.0
2020,ASM,1.0
2021,ASM,1.0
2022,ASM,1.0
2023,ASM,1.0
2024,ASM,1.0
2015,ATG,2.7
2016,ATG,2.7
2017,ATG,2.7
2018,ATG,2.7
2019,ATG,2.7
2020,ATG,2.7
2021,ATG,2.7
2022,ATG,2.7
2023,ATG,2.7
2024,ATG,2.7
2025,ATG,2.7
2015,AUS,1.33109
2016,AUS,1.345214
2017,AUS,1.304758
2018,AUS,1.338412
2019,AUS,1.438507
2020,AUS,1.453085
2021,AUS,1.331224
2022,AUS,1.441664
2023,AUS,1.505191
2024,AUS,1.515358
2025,AUS,1.551998
2015,AUT,0.901296
2016,AUT,0.903421
2017,AUT,0.885206
2018,AUT,0.846773
2019,AUT,0.893276
2020,AUT,0.875506
2021,AUT,0.845494
2022,AUT,0.949624
2023,AUT,0.92484
2024,AUT,0.92389
2015,AZE,1.024564
2016,AZE,1.595722
2017,AZE,1.721155
2018,AZE,1.700017
2019,AZE,1.7
2020,AZE,1.7
2021,AZE,1.7
2022,AZE,1.7
2023,AZE,1.7
2024,AZE,1.7
2025,AZE,1.7
2015,BDI,1571.898333
2016,BDI,1654.626667
2017,BDI,1729.055
2018,BDI,1782.876875
2019,BDI,1845.622891
2020,BDI,1915.046176
2021,BDI,1975.950881
2022,BDI,2034.306634
2023,BDI,2574.051749
2024,BDI,2885.245498
2025,BDI,2943.1375
2015,BEL,0.901296
2016,BEL,0.903421
2017,BEL,0.885206
2018,BEL,0.846773
2019,BEL,0.893276
2020,BEL,0.875506
2021,BEL,0.845494
2022,BEL,0.949624
2023,BEL,0.92484
2024,BEL,0.92389
2015,BEN,591.211698
2016,BEN,592.605615
2017,BEN,580.65675
2018,BEN,555.446458
2019,BEN,585.950814
2020,BEN,574.29455
2021,BEN,554.607799
2022,BEN,622.912348
2023,BEN,606.654982
2024,BEN,606.345298
2025,BEN,581.928481
2015,BFA,591.211698
2016,BFA,592.605615
2017,BFA,580.65675
2018,BFA,555.446458
2019,BFA,585.911013
2020,BFA,575.586005
2021,BFA,554.530675
2022,BFA,623.759701
2023,BFA,606.56975
2024,BFA,606.345298
2025,BFA,581.928481
2015,BGD,77.946908
2016,BGD,78.468092
2017,BGD,80.437542
2018,BGD,83.466202
2019,BGD,84.453523
2020,BGD,84.871392
2021,BGD,85.083763
2022,BGD,91.745454
2023,BGD,106.309484
2024,BGD,115.603654
2025,BGD,121.920837
2015,BGR,1.7644
2016,BGR,1.768042
2017,BGR,1.735458
2018,BGR,1.657042
2019,BGR,1.747042
2020,BGR,1.716333
2021,BGR,1.653775
2022,BGR,1.860142
2023,BGR,1.808967
2024,BGR,1.807842
2025,BGR,1.735192
2015,BHR,0.376
2016,BHR,0.376
2017,BHR,0.376
2018,BHR,0.376
2019,BHR,0.376
2020,BHR,0.376
2021,BHR,0.376
2022,BHR,0.376
2023,BHR,0.376
2024,BHR,0.376
2025,BHR,0.376
2015,BHS,1.0
2016,BHS,1.0
2017,BHS,1.0
2018,BHS,1.0
2019,BHS,1.0
2020,BHS,1.0
2021,BHS,1.0
2022,BHS,1.0
2023,BHS,1.0
2024,BHS,1.0
2025,BHS,1.0
2015,BIH,1.763492
2016,BIH,1.768139
2017,BIH,1.735353
2018,BIH,1.656985
2019,BIH,1.747086
2020,BIH,1.71697
2021,BIH,1.653606
2022,BIH,1.859326
2023,BIH,1.809203
2024,BIH,1.807564
2025,BIH,1.735929
2015,BLR,1.592599
2016,BLR,1.989563
2017,BLR,1.932342
2018,BLR,2.037608
2019,BLR,2.091783
2020,BLR,2.439575
2021,BLR,2.538675
2022,BLR,2.6261
2023,BLR,3.00735
2024,BLR,3.246192
2025,BLR,3.069175
2015,BLZ,2.0
2016,BLZ,2.0
2017,BLZ,2.0
2018,BLZ,2.0
2019,BLZ,2.0
2020,BLZ,2.0
2021,BLZ,2.0
2022,BLZ,2.0
2023,BLZ,2.0
2024,BLZ,2.0
2025,BLZ,2.0
2015,BMU,1.0
2016,BMU,1.0
2017,BMU,1.0
2018,BMU,1.0
2019,BMU,1.0
2020,BMU,1.0
2021,BMU,1.0
2022,BMU,1.0
2023,BMU,1.0
2024,BMU,1.0
2025,BMU,1.0
2015,BOL,6.91
2016,BOL,6.91
2017,BOL,6.91
2018,BOL,6.91
2019,BOL,6.91
2020,BOL,6.91
2021,BOL,6.91
2022,BOL,6.91
2023,BOL,6.91
2024,BOL,6.91
2025,BOL,6.91
2015,BRA,3.326904
2016,BRA,3.491313
2017,BRA,3.191389
2018,BRA,3.653825
2019,BRA,3.944471
2020,BRA,5.155179
2021,BRA,5.394401
2022,BRA,5.16397
2023,BRA,4.99438
2024,BRA,5.388935
2025,BRA,5.587286
2015,BRB,2.0
2016,BRB,2.0
2017,BRB,2.0
2018,BRB,2.0
2019,BRB,2.0
2020,BRB,2.0
2021,BRB,2.0
2022,BRB,2.0
2023,BRB,2.0
2024,BRB,2.0
2025,BRB,2.0
2015,BRN,1.374911
2016,BRN,1.381347
2017,BRN,1.380891
2018,BRN,1.348919
2019,BRN,1.364219
2020,BRN,1.379703
2021,BRN,1.343807
2022,BRN,1.378956
2023,BRN,1.34308
2024,BRN,1.336033
2025,BRN,1.307595
2015,BTN,64.151944
2016,BTN,67.195313
2017,BTN,65.121569
2018,BTN,68.389467
2019,BTN,70.420341
2020,BTN,74.099567
2021,BTN,73.918013
2022,BTN,78.604491
2023,BTN,82.599276
2024,BTN,83.669282
2025,BTN,87.158448
2015,BWA,10.128992
2016,BWA,10.901158
2017,BWA,10.347417
2018,BWA,10.199975
2019,BWA,10.755867
2020,BWA,11.456242
2021,BWA,11.087258
2022,BWA,12.368808
2023,BWA,13.596383
2024,BWA,13.563133
2025,BWA,13.502383
2015,CAF,591.211698
2016,CAF,592.605615
2017,CAF,580.65675
2018,CAF,555.446458
2019,CAF,585.911013
2020,CAF,575.586005
2021,CAF,554.530675
2022,CAF,623.759701
2023,CAF,606.56975
2024,CAF,606.345298
2025,CAF,581.928481
2015,CAN,1.278786
2016,CAN,1.325615
2017,CAN,1.297936
2018,CAN,1.295818
2019,CAN,1.326793
2020,CAN,1.341153
2021,CAN,1.253877
2022,CAN,1.301555
2023,CAN,1.349909
2024,CAN,1.36936
2025,CAN,1.398106
2015,CHE,0.962381
2016,CHE,0.985394
2017,CHE,0.984692
2018,CHE,0.977892
2019,CHE,0.993709
2020,CHE,0.938965
2021,CHE,0.913846
2022,CHE,0.954833
2023,CHE,0.89849
2024,CHE,0.880441
2025,CHE,0.831356
2015,CHI,0.654545
2016,CHI,0.740634
2017,CHI,0.776977
2018,CHI,0.749532
2019,CHI,0.783445
2020,CHI,0.78
2021,CHI,0.727065
2022,CHI,0.811302
2023,CHI,0.804539
2024,CHI,0.782415
2015,CHL,654.124084
2016,CHL,676.957736
2017,CHL,648.833793
2018,CHL,641.276813
2019,CHL,702.897423
2020,CHL,792.727206
2021,CHL,758.955379
2022,CHL,873.31419
2023,CHL,840.066527
2024,CHL,943.572167
2025,CHL,951.329454
2015,CHN,6.227489
2016,CHN,6.644478
2017,CHN,6.758755
2018,CHN,6.615957
2019,CHN,6.908385
2020,CHN,6.900767
2021,CHN,6.448975
2022,CHN,6.737158
2023,CHN,7.083998
2024,CHN,7.197491
2025,CHN,7.189847
2015,CIV,591.211698
2016,CIV,592.605615
2017,CIV,580.65675
2018,CIV,555.446458
2019,CIV,585.911013
2020,CIV,575.586005
2021,CIV,554.530675
2022,CIV,623.759701
2023,CIV,606.56975
2024,CIV,606.345298
2025,CIV,581.928481
2015,CMR,591.211698
2016,CMR,592.605615
2017,CMR,580.65675
2018,CMR,555.446458
2019,CMR,585.911013
2020,CMR,575.586005
2021,CMR,554.530675
2022,CMR,623.759701
2023,CMR,606.56975
2024,CMR,606.345298
2025,CMR,581.928481
2015,COD,925.984961
2016,COD,1010.302757
2017,COD,1464.417932
2018,COD,1622.523502
2019,COD,1647.760127
2020,COD,1851.122162
2021,COD,1989.391471
2022,COD,2006.708219
2023,COD,2340.035704
2025,COD,2693.240601
2015,COG,591.211698
2016,COG,592.605615
2017,COG,580.65675
2018,COG,555.446458
2019,COG,585.911013
2020,COG,575.586005
2021,COG,554.530675
2022,COG,623.759701
2023,COG,606.56975
2024,COG,606.345298
2025,COG,581.928481
2015,COL,2741.781667
2016,COL,3055.255
2017,COL,2951.486911
2018,COL,2955.70397
2019,COL,3281.622194
2020,COL,3693.275833
2021,COL,3744.244167
2022,COL,4256.194167
2023,COL,4325.955
2024,COL,4074.434167
2025,COL,4053.135833
2015,COM,443.408773
2016,COM,444.454211
2017,COM,435.492562
2018,COM,416.584844
2019,COM,439.46311
2020,COM,430.720912
2021,COM,415.955849
2022,COM,467.184261
2023,COM,454.991237
2024,COM,454.523861
2025,COM,435.376187
2015,CPV,99.385694
2016,CPV,99.688114
2017,CPV,97.806938
2018,CPV,93.413579
2019,CPV,98.495179
2020,CPV,96.795743
2021,CPV,93.218092
2022,CPV,104.863066
2023,CPV,101.804813
2024,CPV,101.922011
2025,CPV,97.863152
2015,CRI,534.56577
2016,CRI,544.739367
2017,CRI,567.51309
2018,CRI,576.972501
2019,CRI,587.294596
2020,CRI,584.900855
2021,CRI,620.78472
2022,CRI,647.135818
2023,CRI,544.050776
2024,CRI,515.109772
2025,CRI,503.496832
2015,CUW,1.79
2016,CUW,1.79
2017,CUW,1.79
2018,CUW,1.79
2019,CUW,1.79
2020,CUW,1.79
2021,CUW,1.79
2022,CUW,1.79
2023,CUW,1.79
2024,CUW,1.79
2025,CUW,1.79
2015,CYM,0.83333
2016,CYM,0.83333
2017,CYM,0.83333
2018,CYM,0.83333
2019,CYM,0.83333
2020,CYM,0.83333
2021,CYM,0.83333
2022,CYM,0.83333
2023,CYM,0.83333
2024,CYM,0.83333
2025,CYM,0.83333
2015,CYP,0.901296
2016,CYP,0.903421
2017,CYP,0.885206
2018,CYP,0.846773
2019,CYP,0.893276
2020,CYP,0.875506
2021,CYP,0.845494
2022,CYP,0.949624
2023,CYP,0.92484
2024,CYP,0.92389
2015,CZE,24.59875
2016,CZE,24.439917
2017,CZE,23.376333
2018,CZE,21.729917
2019,CZE,22.93225
2020,CZE,23.21025
2021,CZE,21.678167
2022,CZE,23.357
2023,CZE,22.198083
2024,CZE,23.216833
2025,CZE,21.882
2015,DEU,0.901296
2016,DEU,0.903421
2017,DEU,0.885206
2018,DEU,0.846773
2019,DEU,0.893276
2020,DEU,0.875506
2021,DEU,0.845494
2022,DEU,0.949624
2023,DEU,0.92484
2024,DEU,0.92389
2015,DJI,177.721
2016,DJI,177.721
2017,DJI,177.721
2018,DJI,177.721
2019,DJI,177.721
2020,DJI,177.721
2021,DJI,177.721
2022,DJI,177.721
2023,DJI,177.721
2024,DJI,177.721
2025,DJI,177.721
2015,DMA,2.7
2016,DMA,2.7
2017,DMA,2.7
2018,DMA,2.7
2019,DMA,2.7
2020,DMA,2.7
2021,DMA,2.7
2022,DMA,2.7
2023,DMA,2.7
2024,DMA,2.7
2025,DMA,2.7
2015,DNK,6.727907
2016,DNK,6.731718
2017,DNK,6.602893
2018,DNK,6.314619
2019,DNK,6.669447
2020,DNK,6.542152
2021,DNK,6.287113
2022,DNK,7.076152
2023,DNK,6.889703
2024,DNK,6.894481
2025,DNK,6.621825
2015,DOM,45.045499
2016,DOM,46.064444
2017,DOM,47.534358
2018,DOM,49.509993
2019,DOM,51.294858
2020,DOM,56.524533
2021,DOM,57.221117
2022,DOM,55.140992
2023,DOM,56.1576
2024,DOM,59.565133
2025,DOM,61.986567
2015,DZA,100.691433
2016,DZA,109.443067
2017,DZA,110.973017
2018,DZA,116.593792
2019,DZA,119.353558
2020,DZA,126.7768
2021,DZA,135.064058
2022,DZA,141.994975
2023,DZA,135.842933
2024,DZA,134.053242
2025,DZA,131.605925
2015,ECU,1.0
2016,ECU,1.0
2017,ECU,1.0
2018,ECU,1.0
2019,ECU,1.0
2020,ECU,1.0
2021,ECU,1.0
2022,ECU,1.0
2023,ECU,1.0
2024,ECU,1.0
2025,ECU,1.0
2015,EGY,7.691258
2016,EGY,10.025401
2017,EGY,17.782534
2018,EGY,17.76729
2019,EGY,16.770582
2020,EGY,15.759173
2021,EGY,15.644527
2022,EGY,19.16044
2023,EGY,30.626414
2024,EGY,45.29926
2025,EGY,49.227756
2015,EMU,0.901296
2016,EMU,0.903421
2017,EMU,0.885206
2018,EMU,0.846773
2019,EMU,0.893276
2020,EMU,0.875506
2021,EMU,0.845494
2022,EMU,0.949624
2023,EMU,0.92484
2024,EMU,0.92389
2025,EMU,0.884969
2015,ERI,15.375
2016,ERI,15.35
2017,ERI,15.075
2018,ERI,15.075
2019,ERI,15.075
2020,ERI,15.075
2021,ERI,15.075
2022,ERI,15.075
2023,ERI,15.075
2024,ERI,15.075
2025,ERI,15.075
2015,ESP,0.901296
2016,ESP,0.903421
2017,ESP,0.885206
2018,ESP,0.846773
2019,ESP,0.893276
2020,ESP,0.875506
2021,ESP,0.845494
2022,ESP,0.949624
2023,ESP,0.92484
2024,ESP,0.92389
2015,EST,0.901296
2016,EST,0.903421
2017,EST,0.885206
2018,EST,0.846773
2019,EST,0.893276
2020,EST,0.875506
2021,EST,0.845494
2022,EST,0.949624
2023,EST,0.92484
2024,EST,0.92389
2015,ETH,20.576849
2016,ETH,21.731547
2017,ETH,23.866104
2018,ETH,27.429387
2019,ETH,29.06975
2020,ETH,34.927165
2021,ETH,43.733778
2022,ETH,51.756215
2023,ETH,54.600948
2024,ETH,82.601336
2015,FIN,0.901296
2016,FIN,0.903421
2017,FIN,0.885206
2018,FIN,0.846773
2019,FIN,0.893276
2020,FIN,0.875506
2021,FIN,0.845494
2022,FIN,0.949624
2023,FIN,0.92484
2024,FIN,0.92389
2015,FJI,2.09763
2016,FJI,2.094696
2017,FJI,2.066875
2018,FJI,2.08738
2019,FJI,2.160393
2020,FJI,2.168805
2021,FJI,2.070633
2022,FJI,2.201407
2023,FJI,2.250125
2024,FJI,2.2683
2025,FJI,2.299033
2015,FRA,0.901296
2016,FRA,0.903421
2017,FRA,0.885206
2018,FRA,0.846773
2019,FRA,0.893276
2020,FRA,0.875506
2021,FRA,0.845494
2022,FRA,0.949624
2023,FRA,0.92484
2024,FRA,0.92389
2015,FRO,6.727907
2016,FRO,6.731718
2017,FRO,6.602893
2018,FRO,6.314619
2019,FRO,6.669447
2020,FRO,6.542152
2021,FRO,6.287113
2022,FRO,7.076152
2023,FRO,6.889703
2024,FRO,6.894481
2015,FSM,1.0
2016,FSM,1.0
2017,FSM,1.0
2018,FSM,1.0
2019,FSM,1.0
2020,FSM,1.0
2021,FSM,1.0
2022,FSM,1.0
2023,FSM,1.0
2024,FSM,1.0
2025,FSM,1.0
2015,GAB,591.211698
2016,GAB,592.605615
2017,GAB,580.65675
2018,GAB,555.446458
2019,GAB,585.911013
2020,GAB,575.586005
2021,GAB,554.530675
2022,GAB,623.759701
2023,GAB,606.56975
2024,GAB,606.345298
2025,GAB,581.928481
2015,GBR,0.654545
2016,GBR,0.740634
2017,GBR,0.776977
2018,GBR,0.749532
2019,GBR,0.783445
2020,GBR,0.78
2021,GBR,0.727065
2022,GBR,0.811302
2023,GBR,0.804539
2024,GBR,0.782415
2025,GBR,0.759474
2015,GEO,2.269342
2016,GEO,2.366725
2017,GEO,2.509542
2018,GEO,2.534111
2019,GEO,2.818145
2020,GEO,3.109017
2021,GEO,3.221558
2022,GEO,2.9162
2023,GEO,2.627958
2024,GEO,2.720617
2025,GEO,2.742642
2015,GHA,3.714642
2016,GHA,3.909817
2017,GHA,4.350533
2018,GHA,4.585325
2019,GHA,5.217367
2020,GHA,5.595708
2021,GHA,5.8057
2022,GHA,8.2724
2023,GHA,11.020408
2024,GHA,14.181942
2025,GHA,12.556825
2015,GIB,0.654545
2016,GIB,0.740634
2017,GIB,0.776977
2018,GIB,0.749532
2019,GIB,0.783445
2020,GIB,0.78
2021,GIB,0.727065
2022,GIB,0.811302
2023,GIB,0.804539
2024,GIB,0.782415
2025,GIB,0.759474
2015,GIN,7485.516742
2016,GIN,8967.92708
2017,GIN,9088.319496
2018,GIN,9011.134177
2019,GIN,9183.875864
2020,GIN,9565.082183
2015,GMB,42.506208
2016,GMB,43.372528
2017,GMB,46.608909
2018,GMB,48.151781
2019,GMB,50.062461
2020,GMB,51.50166
2021,GMB,51.484444
2022,GMB,54.923467
2023,GMB,61.096333
2024,GMB,67.661238
2025,GMB,71.289382
2015,GNB,591.211698
2016,GNB,592.605615
2017,GNB,580.65675
2018,GNB,555.446458
2019,GNB,585.911013
2020,GNB,575.586005
2021,GNB,554.530675
2022,GNB,623.759701
2023,GNB,606.56975
2024,GNB,606.345298
2025,GNB,581.928481
2015,GNQ,591.211698
2016,GNQ,592.605615
2017,GNQ,580.65675
2018,GNQ,555.446458
2019,GNQ,585.911013
2020,GNQ,575.586005
2021,GNQ,554.530675
2022,GNQ,623.759701
2023,GNQ,606.56975
2024,GNQ,606.345298
2025,GNQ,581.928481
2015,GRC,0.901296
2016,GRC,0.903421
2017,GRC,0.885206
2018,GRC,0.846773
2019,GRC,0.893276
2020,GRC,0.875506
2021,GRC,0.845494
2022,GRC,0.949624
2023,GRC,0.92484
2024,GRC,0.92389
2015,GRD,2.7
2016,GRD,2.7
2017,GRD,2.7
2018,GRD,2.7
2019,GRD,2.7
2020,GRD,2.7
2021,GRD,2.7
2022,GRD,2.7
2023,GRD,2.7
2024,GRD,2.7
2025,GRD,2.7
2015,GRL,6.727907
2016,GRL,6.731718
2017,GRL,6.602893
2018,GRL,6.314619
2019,GRL,6.669447
2020,GRL,6.542152
2021,GRL,6.287113
2022,GRL,7.076152
2023,GRL,6.889703
2024,GRL,6.894481
2015,GTM,7.654815
2016,GTM,7.599937
2017,GTM,7.347939
2018,GTM,7.519165
2019,GTM,7.696698
2020,GTM,7.72165
2021,GTM,7.734388
2022,GTM,7.748244
2023,GTM,7.831974
2024,GTM,7.758538
2025,GTM,7.680125
2015,GUM,1.0
2016,GUM,1.0
2017,GUM,1.0
2018,GUM,1.0
2019,GUM,1.0
2020,GUM,1.0
2021,GUM,1.0
2022,GUM,1.0
2023,GUM,1.0
2024,GUM,1.0
2015,GUY,206.5
2016,GUY,206.5
2017,GUY,206.5
2018,GUY,207.716667
2019,GUY,208.5
2020,GUY,208.5
2021,GUY,208.5
2022,GUY,208.5
2023,GUY,208.5
2024,GUY,208.5
2025,GUY,208.5
2015,HKG,7.75175
2016,HKG,7.76225
2017,HKG,7.79325
2018,HKG,7.8385
2019,HKG,7.835917
2020,HKG,7.75725
2021,HKG,7.77325
2022,HKG,7.831417
2023,HKG,7.829583
2024,HKG,7.803833
2025,HKG,7.797083
2015,HND,21.945175
2016,HND,22.835018
2017,HND,23.487084
2018,HND,23.902728
2019,HND,24.508539
2020,HND,24.581881
2021,HND,24.016655
2022,HND,24.485874
2023,HND,24.601647
2024,HND,24.799282
2025,HND,25.952675
2015,HRV,6.858304
2016,HRV,6.80599
2017,HRV,6.623831
2018,HRV,6.279025
2019,HRV,6.622545
2020,HRV,6.614056
2021,HRV,6.360083
2022,HRV,7.159742
2023,HRV,0.92484
2024,HRV,0.92389
2015,HTI,50.706427
2016,HTI,63.335818
2017,HTI,64.76968
2018,HTI,68.031754
2019,HTI,88.814966
2020,HTI,93.509807
2021,HTI,89.226637
2022,HTI,115.630716
2023,HTI,141.035913
2024,HTI,131.810992
2025,HTI,130.626409
2015,HUN,279.3325
2016,HUN,281.523333
2017,HUN,274.433333
2018,HUN,270.211667
2019,HUN,290.66
2020,HUN,307.996667
2021,HUN,303.140833
2022,HUN,372.595833
2023,HUN,353.088333
2024,HUN,365.690833
2025,HUN,353.14
2015,IDN,13389.412937
2016,IDN,13308.326802
2017,IDN,13380.833879
2018,IDN,14236.938773
2019,IDN,14147.671361
2020,IDN,14582.203468
2021,IDN,14308.143901
2022,IDN,14849.853936
2023,IDN,15236.884662
2024,IDN,15855.448287
2025,IDN,16477.86518
2015,IMN,0.654545
2016,IMN,0.740634
2017,IMN,0.776977
2018,IMN,0.749532
2019,IMN,0.783445
2020,IMN,0.78
2021,IMN,0.727065
2022,IMN,0.811302
2023,IMN,0.804539
2024,IMN,0.782415
2025,IMN,0.759474
2015,IND,64.151944
2016,IND,67.195313
2017,IND,65.121569
2018,IND,68.389467
2019,IND,70.420341
2020,IND,74.099567
2021,IND,73.918013
2022,IND,78.604491
2023,IND,82.599276
2024,IND,83.669282
2025,IND,87.158448
2015,IRL,0.901296
2016,IRL,0.903421
2017,IRL,0.885206
2018,IRL,0.846773
2019,IRL,0.893276
2020,IRL,0.875506
2021,IRL,0.845494
2022,IRL,0.949624
2023,IRL,0.92484
2024,IRL,0.92389
2015,IRN,29011.491377
2016,IRN,30914.852436
2017,IRN,33226.298152
2018,IRN,40864.32901
2019,IRN,42000.0
2020,IRN,42000.0
2021,IRN,42000.0
2022,IRN,42000.0
2023,IRN,42000.0
2015,IRQ,1167.333333
2016,IRQ,1182.0
2017,IRQ,1184.0
2018,IRQ,1182.75
2019,IRQ,1182.0
2020,IRQ,1192.0
2021,IRQ,1450.0
2022,IRQ,1450.0
2023,IRQ,1312.5
2024,IRQ,1300.0
2015,ISL,131.918708
2016,ISL,120.811548
2017,ISL,106.839572
2018,ISL,108.300176
2019,ISL,122.606774
2020,ISL,135.421712
2021,ISL,126.98886
2022,ISL,135.279902
2023,ISL,137.942952
2024,ISL,137.958026
2025,ISL,128.441487
2015,ISR,3.886833
2016,ISR,3.840567
2017,ISR,3.599556
2018,ISR,3.590558
2019,ISR,3.564527
2020,ISR,3.442406
2021,ISR,3.230198
2022,ISR,3.359614
2023,ISR,3.667375
2024,ISR,3.69972
2025,ISR,3.451892
2015,ITA,0.901296
2016,ITA,0.903421
2017,ITA,0.885206
2018,ITA,0.846773
2019,ITA,0.893276
2020,ITA,0.875506
2021,ITA,0.845494
2022,ITA,0.949624
2023,ITA,0.92484
2024,ITA,0.92389
2015,JAM,116.969777
2016,JAM,125.095035
2017,JAM,127.964544
2018,JAM,128.871519
2019,JAM,133.312118
2020,JAM,142.402833
2021,JAM,150.790106
2022,JAM,153.426816
2023,JAM,154.158779
2024,JAM,156.43954
2025,JAM,159.096428
2015,JOR,0.71
2016,JOR,0.71
2017,JOR,0.71
2018,JOR,0.71
2019,JOR,0.71
2020,JOR,0.71
2021,JOR,0.71
2022,JOR,0.71
2023,JOR,0.71
2024,JOR,0.71
2025,JOR,0.71
2015,JPN,121.044026
2016,JPN,108.7929
2017,JPN,112.166141
2018,JPN,110.423179
2019,JPN,109.009666
2020,JPN,106.774582
2021,JPN,109.754324
2022,JPN,131.49814
2023,JPN,140.4911
2024,JPN,151.366291
2025,JPN,149.657927
2015,KAZ,221.728333
2016,KAZ,342.16
2017,KAZ,326.001023
2018,KAZ,344.705833
2019,KAZ,382.747311
2020,KAZ,412.953333
2021,KAZ,425.9075
2022,KAZ,460.165
2023,KAZ,456.165
2024,KAZ,468.9625
2025,KAZ,521.035
2015,KEN,98.178453
2016,KEN,101.504369
2017,KEN,103.410005
2018,KEN,101.301574
2019,KEN,101.991298
2020,KEN,106.45078
2021,KEN,109.637747
2022,KEN,117.865989
2023,KEN,139.846384
2024,KEN,134.822483
2025,KEN,129.302572
2015,KGZ,64.462108
2016,KGZ,69.914066
2017,KGZ,68.866668
2018,KGZ,68.84032
2019,KGZ,69.789349
2020,KGZ,77.346113
2021,KGZ,84.640822
2022,KGZ,84.116223
2023,KGZ,87.856126
2024,KGZ,87.150313
2015,KHM,4067.75
2016,KHM,4058.694579
2017,KHM,4050.579986
2018,KHM,4051.1669
2019,KHM,4061.148963
2020,KHM,4092.783219
2021,KHM,4098.722795
2022,KHM,4102.037865
2023,KHM,4110.652746
2024,KHM,4072.397239
2025,KHM,4013.433104
2015,KIR,1.33109
2016,KIR,1.345214
2017,KIR,1.304758
2018,KIR,1.338412
2019,KIR,1.438507
2020,KIR,1.453085
2021,KIR,1.331224
2022,KIR,1.441664
2023,KIR,1.505191
2024,KIR,1.515358
2025,KIR,1.551998
2015,KNA,2.7
2016,KNA,2.7
2017,KNA,2.7
2018,KNA,2.7
2019,KNA,2.7
2020,KNA,2.7
2021,KNA,2.7
2022,KNA,2.7
2023,KNA,2.7
2024,KNA,2.7
2025,KNA,2.7
2015,KOR,1130.9525
2016,KOR,1160.7675
2017,KOR,1131.000833
2018,KOR,1100.163333
2019,KOR,1165.3575
2020,KOR,1180.265833
2021,KOR,1143.951667
2022,KOR,1291.446667
2023,KOR,1305.6625
2024,KOR,1363.375
2025,KOR,1422.440833
2015,KWT,0.300852
2016,KWT,0.302137
2017,KWT,0.30335
2018,KWT,0.301956
2019,KWT,0.303611
2020,KWT,0.306233
2021,KWT,0.301643
2022,KWT,0.30625
2023,KWT,0.307185
2024,KWT,0.306691
2025,KWT,0.306455
2015,LAO,8127.610598
2016,LAO,8124.366756
2017,LAO,8244.843189
2018,LAO,8401.334766
2019,LAO,8679.409093
2020,LAO,9045.787834
2021,LAO,9697.915789
2022,LAO,14035.226693
2023,LAO,17688.873591
2024,LAO,20167.33138
2015,LBN,1507.5
2016,LBN,1507.5
2017,LBN,1507.5
2018,LBN,1507.5
2019,LBN,1507.5
2020,LBN,1507.5
2021,LBN,1507.5
2022,LBN,1507.5
2023,LBN,13875.625
2024,LBN,89500.0
2025,LBN,89500.0
2015,LBR,86.188367
2016,LBR,94.427244
2017,LBR,112.706667
2018,LBR,144.055576
2019,LBR,186.429745
2020,LBR,191.517958
2021,LBR,166.153701
2022,LBR,152.933757
2023,LBR,174.955983
2024,LBR,191.306667
2015,LBY,1.38121
2016,LBY,1.390369
2017,LBY,1.39382
2018,LBY,1.364967
2019,LBY,1.398263
2020,LBY,1.388667
2021,LBY,4.514425
2022,LBY,4.813175
2023,LBY,4.812883
2024,LBY,4.832208
2025,LBY,5.302567
2015,LCA,2.7
2016,LCA,2.7
2017,LCA,2.7
2018,LCA,2.7
2019,LCA,2.7
2020,LCA,2.7
2021,LCA,2.7
2022,LCA,2.7
2023,LCA,2.7
2024,LCA,2.7
2025,LCA,2.7
2015,LIE,0.962381
2016,LIE,0.985394
2017,LIE,0.984692
2018,LIE,0.977892
2019,LIE,0.993709
2020,LIE,0.938965
2021,LIE,0.913846
2022,LIE,0.954833
2023,LIE,0.89849
2024,LIE,0.880441
2025,LIE,0.83135
2015,LKA,135.856913
2016,LKA,145.581667
2017,LKA,152.446414
2018,LKA,162.464859
2019,LKA,178.744925
2020,LKA,185.592558
2021,LKA,198.764317
2022,LKA,322.632674
2023,LKA,327.506533
2015,LSO,12.758931
2016,LSO,14.709611
2017,LSO,13.323801
2018,LSO,13.233926
2019,LSO,14.448427
2020,LSO,16.459105
2021,LSO,14.778678
2022,LSO,16.355853
2023,LSO,18.450244
2024,LSO,18.328658
2025,LSO,17.888749
2015,LTU,0.901296
2016,LTU,0.903421
2017,LTU,0.885206
2018,LTU,0.846773
2019,LTU,0.893276
2020,LTU,0.875506
2021,LTU,0.845494
2022,LTU,0.949624
2023,LTU,0.92484
2024,LTU,0.92389
2015,LUX,0.901296
2016,LUX,0.903421
2017,LUX,0.885206
2018,LUX,0.846773
2019,LUX,0.893276
2020,LUX,0.875506
2021,LUX,0.845494
2022,LUX,0.949624
2023,LUX,0.92484
2024,LUX,0.92389
2015,LVA,0.901296
2016,LVA,0.903421
2017,LVA,0.885206
2018,LVA,0.846773
2019,LVA,0.893276
2020,LVA,0.875506
2021,LVA,0.845494
2022,LVA,0.949624
2023,LVA,0.92484
2024,LVA,0.92389
2015,MAC,7.98496
2016,MAC,7.995064
2017,MAC,8.026001
2018,MAC,8.072507
2019,MAC,8.07047
2020,MAC,7.989062
2021,MAC,8.005532
2022,MAC,8.065206
2023,MAC,8.06339
2024,MAC,8.036831
2025,MAC,8.02981
2015,MAF,0.901296
2016,MAF,0.903421
2017,MAF,0.885206
2018,MAF,0.846773
2019,MAF,0.893276
2020,MAF,0.875506
2021,MAF,0.845494
2022,MAF,0.949624
2023,MAF,0.92484
2024,MAF,0.92389
2015,MAR,9.764348
2016,MAR,9.807476
2017,MAR,9.691998
2018,MAR,9.386102
2019,MAR,9.617076
2020,MAR,9.496847
2021,MAR,8.988484
2022,MAR,10.16066
2023,MAR,10.131426
2024,MAR,9.942359
2025,MAR,9.350277
2015,MCO,0.901296
2016,MCO,0.903421
2017,MCO,0.885206
2018,MCO,0.846773
2019,MCO,0.893276
2020,MCO,0.875506
2021,MCO,0.845494
2022,MCO,0.949624
2023,MCO,0.92484
2024,MCO,0.92389
2015,MDA,18.818475
2016,MDA,19.923828
2017,MDA,18.499035
2018,MDA,16.802052
2019,MDA,17.573469
2020,MDA,17.321835
2021,MDA,17.680466
2022,MDA,18.89719
2023,MDA,18.163938
2024,MDA,17.791908
2025,MDA,17.377847
2015,MDG,2933.508333
2016,MDG,3176.539167
2017,MDG,3116.11
2018,MDG,3334.752255
2019,MDG,3618.321858
2020,MDG,3787.754058
2021,MDG,3829.977849
2022,MDG,4096.116184
2023,MDG,4429.579214
2024,MDG,4525.424721
2025,MDG,4529.751252
2015,MDV,15.366331
2016,MDV,15.368408
2017,MDV,15.386969
2018,MDV,15.390837
2019,MDV,15.382042
2020,MDV,15.38127
2021,MDV,15.372698
2022,MDV,15.386625
2023,MDV,15.386794
2024,MDV,15.389196
2025,MDV,15.415678
2015,MEX,15.848267
2016,MEX,18.664058
2017,MEX,18.926517
2018,MEX,19.244342
2019,MEX,19.263633
2020,MEX,21.485608
2021,MEX,20.272408
2022,MEX,20.12735
2023,MEX,17.758717
2024,MEX,18.304858
2025,MEX,19.237508
2015,MHL,1.0
2016,MHL,1.0
2017,MHL,1.0
2018,MHL,1.0
2019,MHL,1.0
2020,MHL,1.0
2021,MHL,1.0
2022,MHL,1.0
2023,MHL,1.0
2024,MHL,1.0
2015,MKD,55.537075
2016,MKD,55.731725
2017,MKD,54.665458
2018,MKD,52.107108
2019,MKD,54.9472
2020,MKD,54.144325
2021,MKD,52.102158
2022,MKD,58.574392
2023,MKD,56.947192
2024,MKD,56.872633
2025,MKD,54.654967
2015,MLI,591.211698
2016,MLI,592.605615
2017,MLI,580.65675
2018,MLI,555.446458
2019,MLI,585.911013
2020,MLI,575.586005
2021,MLI,554.530675
2022,MLI,623.759701
2023,MLI,606.56975
2024,MLI,606.345298
2025,MLI,581.928481
2015,MLT,0.901296
2016,MLT,0.903421
2017,MLT,0.885206
2018,MLT,0.846773
2019,MLT,0.893276
2020,MLT,0.875506
2021,MLT,0.845494
2022,MLT,0.949624
2023,MLT,0.92484
2024,MLT,0.92389
2015,MMR,1162.615329
2016,MMR,1234.869517
2017,MMR,1360.358707
2018,MMR,1429.807975
2019,MMR,1518.255117
2020,MMR,1381.619167
2015,MNE,0.901296
2016,MNE,0.903421
2017,MNE,0.885206
2018,MNE,0.846773
2019,MNE,0.893216
2020,MNE,0.877475
2021,MNE,0.845377
2022,MNE,0.950916
2023,MNE,0.92471
2024,MNE,0.924367
2025,MNE,0.887144
2015,MNG,1970.309167
2016,MNG,2140.290864
2017,MNG,2439.777201
2018,MNG,2472.484051
2019,MNG,2663.541398
2020,MNG,2813.289835
2021,MNG,2849.288615
2022,MNG,3140.677884
2023,MNG,3465.736536
2024,MNG,3389.98152
2025,MNG,3545.143566
2015,MNP,1.0
2016,MNP,1.0
2017,MNP,1.0
2018,MNP,1.0
2019,MNP,1.0
2020,MNP,1.0
2021,MNP,1.0
2022,MNP,1.0
2023,MNP,1.0
2024,MNP,1.0
2015,MOZ,39.982474
2016,MOZ,63.056233
2017,MOZ,63.584323
2018,MOZ,60.326208
2019,MOZ,62.548333
2020,MOZ,69.465
2021,MOZ,65.465
2022,MOZ,63.850833
2023,MOZ,63.885833
2024,MOZ,63.905
2015,MRT,32.467167
2016,MRT,35.237083
2017,MRT,35.794417
2018,MRT,35.6775
2019,MRT,36.690833
2020,MRT,37.189167
2021,MRT,36.063333
2022,MRT,36.935
2023,MRT,36.489167
2015,MUS,35.0567
2016,MUS,35.541883
2017,MUS,34.481408
2018,MUS,33.93445
2019,MUS,35.473517
2020,MUS,39.346933
2021,MUS,41.692133
2022,MUS,44.182775
2023,MUS,45.267225
2024,MUS,46.414675
2025,MUS,45.996967
2015,MWI,499.605833
2016,MWI,718.005
2017,MWI,730.2725
2018,MWI,732.333333
2019,MWI,745.540668
2020,MWI,749.527494
2021,MWI,805.89965
2022,MWI,949.039017
2023,MWI,1161.094367
2015,MYS,3.9055
2016,MYS,4.148301
2017,MYS,4.300441
2018,MYS,4.03513
2019,MYS,4.14247
2020,MYS,4.203482
2021,MYS,4.143298
2022,MYS,4.401076
2023,MYS,4.560623
2024,MYS,4.576428
2025,MYS,4.284424
2015,NAM,12.881921
2016,NAM,14.708767
2017,NAM,13.3129
2018,NAM,13.233942
2019,NAM,14.44869
2020,NAM,16.463267
2021,NAM,14.778675
2022,NAM,16.355858
2023,NAM,18.446308
2024,NAM,18.328658
2025,NAM,17.888733
2015,NCL,107.553234
2016,NCL,107.806816
2017,NCL,105.633078
2018,NCL,101.046822
2019,NCL,106.588934
2020,NCL,104.710608
2021,NCL,100.880223
2022,NCL,113.474367
2023,NCL,110.347171
2024,NCL,110.306339
2025,NCL,105.864432
2015,NER,591.211698
2016,NER,592.605615
2017,NER,580.65675
2018,NER,555.446458
2019,NER,585.911013
2020,NER,575.586005
2021,NER,554.530675
2022,NER,623.759701
2023,NER,606.56975
2024,NER,606.345298
2025,NER,581.928481
2015,NGA,192.440333
2016,NGA,253.492
2017,NGA,305.790109
2018,NGA,306.083688
2019,NGA,306.920951
2020,NGA,358.810797
2021,NGA,401.152029
2022,NGA,425.979158
2023,NGA,645.194068
2024,NGA,1478.965197
2025,NGA,1518.380948
2015,NIC,27.256845
2016,NIC,28.620962
2017,NIC,30.050941
2018,NIC,31.553212
2019,NIC,33.121745
2020,NIC,34.342122
2021,NIC,35.171017
2022,NIC,35.874421
2023,NIC,36.441194
2024,NIC,36.6243
2025,NIC,36.6243
2015,NLD,0.901296
2016,NLD,0.903421
2017,NLD,0.885206
2018,NLD,0.846773
2019,NLD,0.893276
2020,NLD,0.875506
2021,NLD,0.845494
2022,NLD,0.949624
2023,NLD,0.92484
2024,NLD,0.92389
2015,NOR,8.064167
2016,NOR,8.4
2017,NOR,8.271667
2018,NOR,8.1325
2019,NOR,8.8
2020,NOR,9.415833
2021,NOR,8.59
2022,NOR,9.614167
2023,NOR,10.563333
2024,NOR,10.745833
2025,NOR,10.395833
2015,NPL,102.405134
2016,NPL,107.383815
2017,NPL,104.511885
2018,NPL,108.930134
2019,NPL,112.609483
2020,NPL,118.345187
2021,NPL,118.134082
2022,NPL,125.199458
2023,NPL,132.11546
2024,NPL,133.726644
2025,NPL,139.115438
2015,NRU,1.33109
2016,NRU,1.345214
2017,NRU,1.304758
2018,NRU,1.338412
2019,NRU,1.438507
2020,NRU,1.453085
2021,NRU,1.331224
2022,NRU,1.441664
2023,NRU,1.505191
2024,NRU,1.515358
2025,NRU,1.551998
2015,NZL,1.433975
2016,NZL,1.436525
2017,NZL,1.407408
2018,NZL,1.445258
2019,NZL,1.517875
2020,NZL,1.542058
2021,NZL,1.4138
2022,NZL,1.577183
2023,NZL,1.628433
2024,NZL,1.652308
2025,NZL,1.720108
2015,OMN,0.3845
2016,OMN,0.3845
2017,OMN,0.3845
2018,OMN,0.3845
2019,OMN,0.3845
2020,OMN,0.3845
2021,OMN,0.3845
2022,OMN,0.3845
2023,OMN,0.3845
2024,OMN,0.3845
2025,OMN,0.3845
2015,PAK,102.769272
2016,PAK,104.769117
2017,PAK,105.455162
2018,PAK,121.824069
2019,PAK,150.036254
2020,PAK,161.83848
2021,PAK,162.906254
2022,PAK,204.867187
2023,PAK,280.356112
2024,PAK,278.580716
2025,PAK,281.143001
2015,PAN,1.0
2016,PAN,1.0
2017,PAN,1.0
2018,PAN,1.0
2019,PAN,1.0
2020,PAN,1.0
2021,PAN,1.0
2022,PAN,1.0
2023,PAN,1.0
2024,PAN,1.0
2025,PAN,1.0
2015,PER,3.184439
2016,PER,3.375062
2017,PER,3.260488
2018,PER,3.286603
2019,PER,3.337266
2020,PER,3.494941
2021,PER,3.880554
2022,PER,3.835181
2023,PER,3.743826
2024,PER,3.7525
2025,PER,3.567064
2015,PHL,45.50284
2016,PHL,47.492464
2017,PHL,50.40372
2018,PHL,52.66143
2019,PHL,51.795783
2020,PHL,49.624096
2021,PHL,49.254598
2022,PHL,54.477786
2023,PHL,55.630363
2024,PHL,57.290655
2025,PHL,57.505097
2015,PLW,1.0
2016,PLW,1.0
2017,PLW,1.0
2018,PLW,1.0
2019,PLW,1.0
2020,PLW,1.0
2021,PLW,1.0
2022,PLW,1.0
2023,PLW,1.0
2024,PLW,1.0
2025,PLW,1.0
2015,PNG,2.768412
2016,PNG,3.133029
2017,PNG,3.188788
2018,PNG,3.293463
2019,PNG,3.387538
2020,PNG,3.459974
2021,PNG,3.508772
2022,PNG,3.51923
2023,PNG,3.589623
2024,PNG,3.85275
2025,PNG,4.122724
2015,POL,3.7695
2016,POL,3.942783
2017,POL,3.779333
2018,POL,3.611717
2019,POL,3.839375
2020,POL,3.899742
2021,POL,3.861917
2022,POL,4.457758
2023,POL,4.203667
2024,POL,3.980783
2025,POL,3.760542
2015,PRI,1.0
2016,PRI,1.0
2017,PRI,1.0
2018,PRI,1.0
2019,PRI,1.0
2020,PRI,1.0
2021,PRI,1.0
2022,PRI,1.0
2023,PRI,1.0
2024,PRI,1.0
2015,PRT,0.901296
2016,PRT,0.903421
2017,PRT,0.885206
2018,PRT,0.846773
2019,PRT,0.893276
2020,PRT,0.875506
2021,PRT,0.845494
2022,PRT,0.949624
2023,PRT,0.92484
2024,PRT,0.92389
2015,PRY,5204.920808
2016,PRY,5670.540898
2017,PRY,5618.933452
2018,PRY,5732.104556
2019,PRY,6240.722078
2020,PRY,6771.097425
2021,PRY,6774.162735
2022,PRY,6982.752378
2023,PRY,7288.872054
2024,PRY,7560.247588
2025,PRY,7545.446755
2015,PYF,107.553234
2016,PYF,107.806816
2017,PYF,105.633078
2018,PYF,101.046822
2019,PYF,106.588934
2020,PYF,104.710608
2021,PYF,100.880223
2022,PYF,113.474367
2023,PYF,110.347171
2024,PYF,110.306339
2025,PYF,105.864432
2015,QAT,3.64
2016,QAT,3.64
2017,QAT,3.64
2018,QAT,3.64
2019,QAT,3.64
2020,QAT,3.64
2021,QAT,3.64
2022,QAT,3.64
2023,QAT,3.64
2024,QAT,3.64
2025,QAT,3.64
2015,ROU,4.005667
2016,ROU,4.059183
2017,ROU,4.052492
2018,ROU,3.941617
2019,ROU,4.237925
2020,ROU,4.243992
2021,ROU,4.160417
2022,ROU,4.688475
2023,ROU,4.574292
2024,ROU,4.598375
2025,ROU,4.470533
2015,RUS,60.93765
2016,RUS,67.055933
2017,RUS,58.342801
2018,RUS,62.668133
2019,RUS,64.737658
2020,RUS,72.104908
2021,RUS,73.65435
2022,RUS,68.484942
2023,RUS,85.162008
2024,RUS,92.5524
2015,RWA,719.859556
2016,RWA,787.251522
2017,RWA,831.55434
2018,RWA,861.093412
2019,RWA,899.350509
2020,RWA,943.278048
2021,RWA,988.624807
2022,RWA,1030.3083
2023,RWA,1160.098694
2024,RWA,1318.128357
2025,RWA,1428.478276
2015,SAU,3.75
2016,SAU,3.75
2017,SAU,3.75
2018,SAU,3.75
2019,SAU,3.75
2020,SAU,3.75
2021,SAU,3.75
2022,SAU,3.75
2023,SAU,3.75
2024,SAU,3.75
2025,SAU,3.75
2015,SDN,6.025733
2016,SDN,6.211714
2017,SDN,6.68336
2018,SDN,24.328911
2019,SDN,45.767045
2020,SDN,53.996012
2021,SDN,370.790583
2022,SDN,546.75885
2015,SEN,591.211698
2016,SEN,592.605615
2017,SEN,580.65675
2018,SEN,555.446458
2019,SEN,585.911013
2020,SEN,575.586005
2021,SEN,554.530675
2022,SEN,623.759701
2023,SEN,606.56975
2024,SEN,606.345298
2025,SEN,581.928481
2015,SGP,1.374825
2016,SGP,1.381546
2017,SGP,1.380925
2018,SGP,1.348842
2019,SGP,1.364158
2020,SGP,1.379742
2021,SGP,1.343483
2022,SGP,1.378667
2023,SGP,1.342767
2024,SGP,1.336233
2025,SGP,1.30745
2015,SLB,7.914689
2016,SLB,7.948153
2017,SLB,7.88739
2018,SLB,7.952505
2019,SLB,8.173399
2020,SLB,8.213413
2021,SLB,8.030103
2022,SLB,8.155529
2023,SLB,8.375597
2024,SLB,8.454836
2025,SLB,8.326842
2015,SLE,5.080748
2016,SLE,6.290297
2017,SLE,7.384432
2018,SLE,7.931632
2019,SLE,9.010221
2020,SLE,9.829927
2021,SLE,10.439425
2022,SLE,14.04765
2023,SLE,21.304875
2015,SLV,1.0
2016,SLV,1.0
2017,SLV,1.0
2018,SLV,1.0
2019,SLV,1.0
2020,SLV,1.0
2021,SLV,1.0
2022,SLV,1.0
2023,SLV,1.0
2024,SLV,1.0
2025,SLV,1.0
2015,SMR,0.901296
2016,SMR,0.903421
2017,SMR,0.885206
2018,SMR,0.846773
2019,SMR,0.893216
2020,SMR,0.877475
2021,SMR,0.845377
2022,SMR,0.950916
2023,SMR,0.92471
2024,SMR,0.924367
2025,SMR,0.887144
2015,SOM,22254.235684
2016,SOM,23061.784314
2017,SOM,23097.987322
2015,SRB,108.811425
2016,SRB,111.27785
2017,SRB,107.75885
2018,SRB,100.175075
2019,SRB,105.249558
2020,SRB,103.163292
2021,SRB,99.395942
2022,SRB,111.662183
2023,SRB,108.402692
2024,SRB,108.207742
2025,SRB,103.9754
2015,SSD,3.604167
2016,SSD,46.729167
2017,SSD,113.6475
2018,SSD,141.385833
2019,SSD,157.999167
2020,SSD,165.907317
2021,SSD,306.35462
2022,SSD,534.511189
2023,SSD,930.33143
2024,SSD,2163.103873
2015,STP,22.090645
2016,STP,22.148861
2017,STP,21.741138
2018,STP,20.750859
2019,STP,21.884742
2020,STP,21.507059
2021,STP,20.710402
2022,STP,23.290404
2023,STP,22.658425
2024,STP,22.64301
2015,SUR,3.416667
2016,SUR,6.22863
2017,SUR,7.487661
2018,SUR,7.462511
2019,SUR,7.458
2020,SUR,9.309545
2021,SUR,18.238667
2022,SUR,24.709175
2023,SUR,36.775869
2024,SUR,33.180552
2025,SUR,37.260179
2015,SVK,0.901296
2016,SVK,0.903421
2017,SVK,0.885206
2018,SVK,0.846773
2019,SVK,0.893276
2020,SVK,0.875506
2021,SVK,0.845494
2022,SVK,0.949624
2023,SVK,0.92484
2024,SVK,0.92389
2015,SVN,0.901296
2016,SVN,0.903421
2017,SVN,0.885206
2018,SVN,0.846773
2019,SVN,0.893276
2020,SVN,0.875506
2021,SVN,0.845494
2022,SVN,0.949624
2023,SVN,0.92484
2024,SVN,0.92389
2015,SWE,8.434841
2016,SWE,8.561992
2017,SWE,8.548861
2018,SWE,8.692518
2019,SWE,9.458349
2020,SWE,9.210309
2021,SWE,8.576567
2022,SWE,10.114251
2023,SWE,10.610161
2024,SWE,10.567636
2025,SWE,9.820706
2015,SWZ,12.758931
2016,SWZ,14.709611
2017,SWZ,13.323801
2018,SWZ,13.233926
2019,SWZ,14.451789
2020,SWZ,16.470256
2021,SWZ,14.783435
2022,SWZ,16.362283
2023,SWZ,18.453592
2024,SWZ,18.317687
2025,SWZ,17.888921
2015,SXM,1.79
2016,SXM,1.79
2017,SXM,1.79
2018,SXM,1.79
2019,SXM,1.79
2020,SXM,1.79
2021,SXM,1.79
2022,SXM,1.79
2023,SXM,1.79
2024,SXM,1.79
2025,SXM,1.79
2015,SYC,13.313925
2016,SYC,13.319117
2017,SYC,13.647842
2018,SYC,13.911117
2019,SYC,14.03325
2020,SYC,17.616519
2021,SYC,16.920523
2022,SYC,14.272795
2023,SYC,14.018111
2024,SYC,14.529693
2025,SYC,14.725456
2015,SYR,237.029167
2016,SYR,460.275833
2017,SYR,492.610833
2018,SYR,436.5
2019,SYR,436.5
2020,SYR,877.945251
2021,SYR,1256.0
2022,SYR,2505.746911
2015,TCA,1.0
2016,TCA,1.0
2017,TCA,1.0
2018,TCA,1.0
2019,TCA,1.0
2020,TCA,1.0
2021,TCA,1.0
2022,TCA,1.0
2023,TCA,1.0
2024,TCA,1.0
2015,TCD,591.211698
2016,TCD,592.605615
2017,TCD,580.65675
2018,TCD,555.446458
2019,TCD,585.911013
2020,TCD,575.586005
2021,TCD,554.530675
2022,TCD,623.759701
2023,TCD,606.56975
2024,TCD,606.345298
2025,TCD,581.928481
2015,TGO,591.211698
2016,TGO,592.605615
2017,TGO,580.65675
2018,TGO,555.446458
2019,TGO,585.911013
2020,TGO,575.586005
2021,TGO,554.530675
2022,TGO,623.759701
2023,TGO,606.56975
2024,TGO,606.345298
2025,TGO,581.928481
2015,THA,34.247717
2016,THA,35.296383
2017,THA,33.939811
2018,THA,32.310226
2019,THA,31.047606
2020,THA,31.293673
2021,THA,31.977093
2022,THA,35.06135
2023,THA,34.802189
2024,THA,35.293538
2025,THA,32.882809
2015,TJK,6.163117
2016,TJK,7.835675
2017,TJK,8.549742
2018,TJK,9.151217
2019,TJK,9.530367
2020,TJK,10.321942
2021,TJK,11.30885
2022,TJK,11.031075
2023,TJK,10.844525
2024,TJK,10.799492
2025,TJK,10.017708
2015,TLS,1.0
2016,TLS,1.0
2017,TLS,1.0
2018,TLS,1.0
2019,TLS,1.0
2020,TLS,1.0
2021,TLS,1.0
2022,TLS,1.0
2023,TLS,1.0
2024,TLS,1.0
2025,TLS,1.0
2015,TON,2.105763
2016,TON,2.215661
2017,TON,2.205973
2018,TON,2.236571
2019,TON,2.289486
2020,TON,2.299562
2021,TON,2.26496
2022,TON,2.32793
2023,TON,2.363699
2024,TON,2.373042
2025,TON,2.410527
2015,TTO,6.377442
2016,TTO,6.668967
2017,TTO,6.779525
2018,TTO,6.770751
2019,TTO,6.754327
2020,TTO,6.751053
2021,TTO,6.75853
2022,TTO,6.754129
2023,TTO,6.750262
2024,TTO,6.750123
2025,TTO,6.748847
2015,TUN,1.961625
2016,TUN,2.148033
2017,TUN,2.419425
2018,TUN,2.646867
2019,TUN,2.934433
2020,TUN,2.812358
2021,TUN,2.794467
2022,TUN,3.1036
2023,TUN,3.106167
2024,TUN,3.10745
2015,TUR,2.720009
2016,TUR,3.020135
2017,TUR,3.648133
2018,TUR,4.82837
2019,TUR,5.673819
2020,TUR,7.008605
2021,TUR,8.850408
2022,TUR,16.54886
2023,TUR,23.738566
2024,TUR,32.805861
2025,TUR,39.454813
2024,TUV,1.515358
2015,TZA,1991.390833
2016,TZA,2177.086667
2017,TZA,2228.856667
2018,TZA,2263.781667
2019,TZA,2288.206667
2020,TZA,2294.146151
2021,TZA,2297.764226
2022,TZA,2303.033676
2023,TZA,2383.042583
2024,TZA,2597.900417
2015,UGA,3240.64542
2016,UGA,3420.098007
2017,UGA,3611.224458
2018,UGA,3727.068995
2019,UGA,3704.049072
2020,UGA,3718.248923
2021,UGA,3587.051707
2022,UGA,3689.817386
2023,UGA,3726.14046
2024,UGA,3757.262535
2025,UGA,3602.989942
2015,UKR,21.844698
2016,UKR,25.551334
2017,UKR,26.596606
2018,UKR,27.200492
2019,UKR,25.845589
2020,UKR,26.957524
2021,UKR,27.286189
2022,UKR,32.342302
2023,UKR,36.573808
2024,UKR,40.152083
2025,UKR,41.689072
2015,URY,27.327367
2016,URY,30.1626
2017,URY,28.6764
2018,URY,30.725258
2019,URY,35.255375
2020,URY,42.013292
2021,URY,43.554575
2022,URY,41.171083
2023,URY,38.823917
2024,URY,40.212788
2025,URY,41.190979
2015,USA,1.0
2016,USA,1.0
2017,USA,1.0
2018,USA,1.0
2019,USA,1.0
2020,USA,1.0
2021,USA,1.0
2022,USA,1.0
2023,USA,1.0
2024,USA,1.0
2025,USA,1.0
2015,UZB,2567.987213
2016,UZB,2965.253499
2017,UZB,5113.878946
2018,UZB,8069.606237
2019,UZB,8836.7875
2020,UZB,10054.261334
2021,UZB,10609.464391
2022,UZB,11050.145422
2023,UZB,11734.83342
2024,UZB,12652.286821
2025,UZB,12579.394348
2015,VCT,2.7
2016,VCT,2.7
2017,VCT,2.7
2018,VCT,2.7
2019,VCT,2.7
2020,VCT,2.7
2021,VCT,2.7
2022,VCT,2.7
2023,VCT,2.7
2024,VCT,2.7
2025,VCT,2.7
2015,VEN,6.2842
2016,VEN,9.257344
2017,VEN,9.975
2015,VIR,1.0
2016,VIR,1.0
2017,VIR,1.0
2018,VIR,1.0
2019,VIR,1.0
2020,VIR,1.0
2021,VIR,1.0
2022,VIR,1.0
2023,VIR,1.0
2024,VIR,1.0
2015,VNM,21697.5675
2016,VNM,21935.000833
2017,VNM,22370.086667
2018,VNM,22602.05
2019,VNM,23050.241667
2020,VNM,23208.368333
2021,VNM,23159.782593
2022,VNM,23271.2125
2023,VNM,23787.319167
2024,VNM,24164.885833
2015,VUT,108.989167
2016,VUT,108.475
2017,VUT,107.820833
2018,VUT,110.165
2019,VUT,114.7325
2020,VUT,115.38
2021,VUT,109.448333
2022,VUT,115.353917
2023,VUT,119.1125
2024,VUT,119.165
2015,WSM,2.560874
2016,WSM,2.56493
2017,WSM,2.554377
2018,WSM,2.58728
2019,WSM,2.648826
2020,WSM,2.664961
2021,WSM,2.556092
2022,WSM,2.688998
2023,WSM,2.738439
2024,WSM,2.753954
2025,WSM,2.791504
2015,XKX,0.901296
2016,XKX,0.903421
2017,XKX,0.885206
2018,XKX,0.846773
2019,XKX,0.893216
2020,XKX,0.877475
2021,XKX,0.845377
2022,XKX,0.950916
2023,XKX,0.92471
2024,XKX,0.924367
2025,XKX,0.887144
2015,YEM,230.833333
2016,YEM,283.895833
2017,YEM,282.195
2018,YEM,214.89
2019,YEM,486.730923
2020,YEM,743.005964
2021,YEM,1028.107754
2022,YEM,1115.002387
2023,YEM,1355.116379
2015,ZAF,12.758931
2016,ZAF,14.709611
2017,ZAF,13.323801
2018,ZAF,13.233926
2019,ZAF,14.448427
2020,ZAF,16.459105
2021,ZAF,14.778678
2022,ZAF,16.355853
2023,ZAF,18.450244
2024,ZAF,18.328658
2025,ZAF,17.888749
2015,ZMB,8.631667
2016,ZMB,10.3075
2017,ZMB,9.5175
2018,ZMB,10.458333
2019,ZMB,12.89
2020,ZMB,18.344093
2021,ZMB,20.018487
2022,ZMB,16.937594
2023,ZMB,20.212018
2024,ZMB,26.166418
2025,ZMB,25.275689
2020,ZWE,51.329013
2021,ZWE,88.552447
2022,ZWE,374.954363
2023,ZWE,3509.17222
2024,ZWE,3266.331913
2025,ZWE,26.596194
