country,gdp_imf,gdp_wb,gdp_un,gdp_usd_bn,gdp_source,gdp_rank
United States,32383920.0,30769700.0,29298000.0,32383.92,IMF,1
China,20851593.0,19498039.0,18743802.0,20851.593,IMF,2
Germany,5452858.0,5050923.0,4659929.0,5452.858,IMF,3
Japan,4379253.0,4435163.0,4026211.0,4379.253,IMF,4
United Kingdom,4264794.0,4002588.0,3685881.0,4264.794,IMF,5
India,4153191.0,3956067.0,3952244.0,4153.191,IMF,6
France,3596094.0,3366316.0,3160443.0,3596.094,IMF,7
Italy,2738164.0,2551557.0,2380825.0,2738.164,IMF,8
Russia,2656452.0,2561310.0,2173386.0,2656.452,IMF,9
Brazil,2635912.0,2279920.0,2185822.0,2635.912,IMF,10
Canada,2507340.0,2319900.0,2270076.0,2507.34,IMF,11
Australia,2123963.0,1798519.0,1830610.0,2123.963,IMF,12
Mexico,2120855.0,1832641.0,1852723.0,2120.855,IMF,13
Spain,2091222.0,1906453.0,1722746.0,2091.222,IMF,14
South Korea,1931008.0,1872375.0,1875388.0,1931.008,IMF,15
Turkey,1640223.0,1597293.0,1323255.0,1640.223,IMF,16
Indonesia,1539872.0,1445643.0,1396300.0,1539.872,IMF,17
Netherlands,1449704.0,1332768.0,1214928.0,1449.704,IMF,18
Saudi Arabia,1388676.0,1276943.0,1254141.0,1388.676,IMF,19
Switzerland,1146911.0,1043530.0,936564.0,1146.911,IMF,20
Poland,1134248.0,1035492.0,914696.0,1134.248,IMF,21
Taiwan,976719.0,,,976.719,IMF,22
Ireland,779381.0,721701.0,577389.0,779.381,IMF,23
Belgium,776730.0,725466.0,664564.0,776.73,IMF,24
Sweden,760481.0,668999.0,604899.0,760.481,IMF,25
Israel,719848.0,610778.0,542286.0,719.848,IMF,26
Argentina,688378.0,683098.0,638365.0,688.378,IMF,27
Singapore,659572.0,603870.0,547387.0,659.572,IMF,28
Austria,623719.0,579470.0,534791.0,623.719,IMF,29
United Arab Emirates,621546.0,552325.0,552325.0,621.546,IMF,30
Norway,599406.0,530756.0,483593.0,599.406,IMF,31
Thailand,579996.0,577010.0,526518.0,579.996,IMF,32
Colombia,539530.0,457410.0,418542.0,539.53,IMF,33
Vietnam,527266.0,514697.0,476388.0,527.266,IMF,34
Malaysia,516428.0,472193.0,421972.0,516.428,IMF,35
Philippines,512222.0,487086.0,461618.0,512.222,IMF,36
Bangladesh,510705.0,456319.0,432742.0,510.705,IMF,37
Denmark,503772.0,462527.0,424525.0,503.772,IMF,38
Romania,480834.0,428678.0,382770.0,480.834,IMF,39
South Africa,479964.0,427184.0,401145.0,479.964,IMF,40
Hong Kong,450138.0,427310.0,406863.0,450.138,IMF,41
Czech Republic,432597.0,391027.0,345037.0,432.597,IMF,42
Egypt,429645.0,365255.0,306907.0,429.645,IMF,43
Chile,407850.0,357371.0,330267.0,407.85,IMF,44
Pakistan,407786.0,407307.0,379120.0,407.786,IMF,45
Peru,380900.0,334855.0,289329.0,380.9,IMF,46
Portugal,380637.0,346640.0,313271.0,380.637,IMF,47
Nigeria,377365.0,290794.0,252084.0,377.365,IMF,48
Kazakhstan,360456.0,306239.0,291480.0,360.456,IMF,49
Finland,337669.0,317039.0,298697.0,337.669,IMF,50
Algeria,317173.0,287031.0,266972.0,317.173,IMF,51
Greece,307554.0,280636.0,257145.0,307.554,IMF,52
Iran,300293.0,362682.0,448092.0,300.293,IMF,53
New Zealand,278636.0,264057.0,260172.0,278.636,IMF,54
Hungary,271122.0,246490.0,222905.0,271.122,IMF,55
Iraq,264784.0,254367.0,279641.0,264.784,IMF,56
Ukraine,225337.0,214233.0,190741.0,225.337,IMF,57
Qatar,217416.0,215560.0,219163.0,217.416,IMF,58
Morocco,194333.0,182374.0,160606.0,194.333,IMF,59
Uzbekistan,181502.0,147038.0,114965.0,181.502,IMF,60
Kuwait,172920.0,157209.0,160227.0,172.92,IMF,61
Slovakia,168897.0,154530.0,141776.0,168.897,IMF,62
Angola,152354.0,122175.0,117159.0,152.354,IMF,63
Bulgaria,148121.0,130777.0,113343.0,148.121,IMF,64
Kenya,147265.0,135941.0,120340.0,147.265,IMF,65
Ecuador,138194.0,130321.0,124676.0,138.194,IMF,66
Dominican Republic,136148.0,127407.0,124282.0,136.148,IMF,67
Puerto Rico,129012.0,129368.0,125842.0,129.012,IMF,68
Guatemala,128886.0,123306.0,113200.0,128.886,IMF,69
DR Congo,123406.0,91031.0,75322.0,123.406,IMF,70
Ethiopia,121527.0,126359.0,142275.0,121.527,IMF,71
Ghana,118293.0,114210.0,82938.0,118.293,IMF,72
Oman,117176.0,109605.0,107137.0,117.176,IMF,73
Croatia,116574.0,105060.0,92662.0,116.574,IMF,74
Ivory Coast,112115.0,99774.0,85894.0,112.115,IMF,75
Serbia,112025.0,99953.0,89074.0,112.025,IMF,76
Venezuela,111303.0,99661.0,150494.0,111.303,IMF,77
Luxembourg,110417.0,101158.0,93280.0,110.417,IMF,78
Costa Rica,109931.0,102905.0,95350.0,109.931,IMF,79
Cuba,,107352.0,252063.0,107.352,World Bank,80
Lithuania,105907.0,95210.0,84869.0,105.907,IMF,81
Belarus,102042.0,93397.0,75962.0,102.042,IMF,82
Sri Lanka,98964.0,108825.0,98714.0,98.964,IMF,83
Uruguay,96092.0,85348.0,80962.0,96.092,IMF,84
Panama,95024.0,90463.0,86260.0,95.024,IMF,85
Tanzania,94889.0,90143.0,79236.0,94.889,IMF,86
Slovenia,86732.0,79648.0,72485.0,86.732,IMF,87
Myanmar,83832.0,81666.0,64796.0,83.832,IMF,88
Turkmenistan,83065.0,49829.0,68655.0,83.065,IMF,89
Bolivia,80743.0,64769.0,46627.0,80.743,IMF,90
Azerbaijan,78372.0,75938.0,74316.0,78.372,IMF,91
Uganda,73370.0,61986.0,56369.0,73.37,IMF,92
Cameroon,65135.0,58933.0,53297.0,65.135,IMF,93
Jordan,64909.0,61610.0,53352.0,64.909,IMF,94
Tunisia,60745.0,57503.0,53493.0,60.745,IMF,95
Paraguay,60542.0,49278.0,44739.0,60.542,IMF,96
Syria,60043.0,23738.0,17254.0,60.043,IMF,97
Zimbabwe,56713.0,51216.0,45719.0,56.713,IMF,98
Macau,54228.0,52061.0,49467.0,54.228,IMF,99
Latvia,53686.0,48619.0,43684.0,53.686,IMF,100
Libya,52453.0,48099.0,48484.0,52.453,IMF,101
Cambodia,52379.0,51267.0,45913.0,52.379,IMF,102
Estonia,51634.0,47031.0,42765.0,51.634,IMF,103
Bahrain,48849.0,48966.0,47110.0,48.849,IMF,104
Nepal,45844.0,45490.0,42692.0,45.844,IMF,105
Cyprus,45171.0,41226.0,37635.0,45.171,IMF,106
Sudan,44688.0,60163.0,25574.0,44.688,IMF,107
Iceland,43800.0,38583.0,33222.0,43.8,IMF,108
Georgia,42716.0,38144.0,34192.0,42.716,IMF,109
Honduras,41505.0,39601.0,37094.0,41.505,IMF,110
Zambia,41243.0,28880.0,25303.0,41.243,IMF,111
Senegal,40469.0,37007.0,36715.0,40.469,IMF,112
El Salvador,39838.0,36708.0,35365.0,39.838,IMF,113
Haiti,39180.0,32077.0,25312.0,39.18,IMF,114
Bosnia and Herzegovina,36771.0,32600.0,30478.0,36.771,IMF,115
Lebanon,34497.0,25972.0,37990.0,34.497,IMF,116
Papua New Guinea,34403.0,32499.0,32262.0,34.403,IMF,117
Guyana,33961.0,27097.0,24659.0,33.961,IMF,118
Mali,33847.0,30069.0,26588.0,33.847,IMF,119
Albania,33333.0,30540.0,27037.0,33.333,IMF,120
Burkina Faso,32513.0,27627.0,23250.0,32.513,IMF,121
Armenia,31873.0,29243.0,25955.0,31.873,IMF,122
Malta,30712.0,27772.0,25030.0,30.712,IMF,123
Guinea,29930.0,28346.0,36465.0,29.93,IMF,124
Mongolia,28450.0,25369.0,23586.0,28.45,IMF,125
Benin,27786.0,24566.0,21483.0,27.786,IMF,126
Trinidad and Tobago,26836.0,25943.0,25634.0,26.836,IMF,127
Chad,25628.0,21473.0,19906.0,25.628,IMF,128
Niger,24813.0,21646.0,17491.0,24.813,IMF,129
Nicaragua,24227.0,22237.0,19694.0,24.227,IMF,130
Kyrgyzstan,23606.0,22624.0,17478.0,23.606,IMF,131
Gabon,23363.0,21427.0,20867.0,23.363,IMF,132
Mozambique,23275.0,22338.0,22745.0,23.275,IMF,133
Jamaica,23028.0,22705.0,22014.0,23.028,IMF,134
Botswana,21937.0,19928.0,19401.0,21.937,IMF,135
Moldova,21889.0,20352.0,18200.0,21.889,IMF,136
North Macedonia,21605.0,19101.0,16952.0,21.605,IMF,137
Madagascar,21185.0,19620.0,17421.0,21.185,IMF,138
Tajikistan,20418.0,17661.0,13949.0,20.418,IMF,139
Afghanistan,19662.0,17779.0,18283.0,19.662,IMF,140
Laos,18959.0,18303.0,16129.0,18.959,IMF,141
Malawi,18152.0,14918.0,11734.0,18.152,IMF,142
Rwanda,17336.0,16372.0,15111.0,17.336,IMF,143
Namibia,17314.0,15080.0,13372.0,17.314,IMF,144
North Korea,,,17199.0,17.199,UN,145
Mauritius,17119.0,16158.0,14953.0,17.119,IMF,146
Bahamas,17042.0,15833.0,15833.0,17.042,IMF,147
Congo,17028.0,16307.0,16412.0,17.028,IMF,148
Brunei,16863.0,15032.0,15463.0,16.863,IMF,149
Palestine,16017.0,17167.0,16017.0,16.017,IMF,150
Mauritania,14352.0,11680.0,10912.0,14.352,IMF,151
Somalia,14174.0,12995.0,11966.0,14.174,IMF,152
Kosovo,14053.0,12456.0,11154.0,14.053,IMF,153
Equatorial Guinea,13722.0,12823.0,12288.0,13.722,IMF,154
Togo,13437.0,11890.0,10163.0,13.437,IMF,155
Channel Islands,,12507.0,,12.507,World Bank,156
Monaco,,11126.0,11126.0,11.126,World Bank,157
Montenegro,10227.0,9233.0,8274.0,10.227,IMF,158
Liechtenstein,9442.0,8906.0,8628.0,9.442,IMF,159
Bermuda,,9194.0,8840.0,9.194,World Bank,160
New Caledonia,,8549.0,8549.0,8.549,World Bank,161
Barbados,8483.0,8017.0,7598.0,8.483,IMF,162
Sierra Leone,8270.0,7464.0,6792.0,8.27,IMF,163
Burundi,8137.0,3365.0,4431.0,8.137,IMF,164
Maldives,8130.0,7741.0,7062.0,8.13,IMF,165
Cayman Islands,,7765.0,7657.0,7.765,World Bank,166
Isle of Man,,7576.0,,7.576,World Bank,167
Yemen,7435.0,21606.0,14304.0,7.435,IMF,168
Guam,,6910.0,,6.91,World Bank,169
Fiji,6352.0,6198.0,5968.0,6.352,IMF,170
French Polynesia,,6324.0,6323.0,6.324,World Bank,171
South Sudan,6069.0,11998.0,3522.0,6.069,IMF,172
Suriname,5908.0,4524.0,4435.0,5.908,IMF,173
Eswatini,5792.0,5161.0,4947.0,5.792,IMF,174
Liberia,5642.0,5246.0,5251.0,5.642,IMF,175
Andorra,4879.0,4501.0,4040.0,4.879,IMF,176
Djibouti,4725.0,4625.0,4152.0,4.725,IMF,177
U.S. Virgin Islands,,4672.0,,4.672,World Bank,178
Aruba,4671.0,4168.0,4192.0,4.671,IMF,179
Faroe Islands,,4053.0,,4.053,World Bank,180
Bhutan,3856.0,3579.0,3347.0,3.856,IMF,181
Curaçao,,3561.0,3561.0,3.561,World Bank,182
Central African Republic,3492.0,3066.0,2752.0,3.492,IMF,183
Belize,3450.0,3327.0,3204.0,3.45,IMF,184
Cape Verde,3448.0,3057.0,2768.0,3.448,IMF,185
Greenland,,3327.0,3466.0,3.327,World Bank,186
Guinea-Bissau,2985.0,2528.0,2008.0,2.985,IMF,187
Lesotho,2972.0,2574.0,2391.0,2.972,IMF,188
Gambia,2792.0,2594.0,2372.0,2.792,IMF,189
Saint Lucia,2765.0,2656.0,2574.0,2.765,IMF,190
Zanzibar,,,2530.0,2.53,UN,191
San Marino,2417.0,2027.0,2082.0,2.417,IMF,192
Antigua and Barbuda,2385.0,2338.0,2162.0,2.385,IMF,193
Seychelles,2251.0,2387.0,2162.0,2.251,IMF,194
Timor-Leste,2170.0,1902.0,1866.0,2.17,IMF,195
Eritrea,1982.0,2065.0,1917.0,1.982,IMF,196
Sint Maarten,,1888.0,1670.0,1.888,World Bank,197
Solomon Islands,1836.0,1750.0,1584.0,1.836,IMF,198
British Virgin Islands,,,1830.0,1.83,UN,199
Comoros,1814.0,1815.0,1567.0,1.814,IMF,200
Turks and Caicos Islands,,1745.0,1757.0,1.745,World Bank,201
Grenada,1483.0,1420.0,1372.0,1.483,IMF,202
Vanuatu,1396.0,1354.0,1092.0,1.396,IMF,203
Samoa,1376.0,1288.0,1253.0,1.376,IMF,204
Saint Vincent and the Grenadines,1236.0,1255.0,1136.0,1.236,IMF,205
São Tomé and Príncipe,1161.0,981.0,828.0,1.161,IMF,206
Saint Kitts and Nevis,1143.0,1184.0,1122.0,1.143,IMF,207
Northern Mariana Islands,,1096.0,,1.096,World Bank,208
American Samoa,,871.0,,0.871,World Bank,209
Dominica,791.0,724.0,689.0,0.791,IMF,210
Tonga,716.0,679.0,648.0,0.716,IMF,211
Saint Martin,,649.0,,0.649,World Bank,212
Federated States of Micronesia,521.0,502.0,471.0,0.521,IMF,213
Anguilla,,,456.0,0.456,UN,214
Cook Islands,,,414.0,0.414,UN,215
Kiribati,401.0,349.0,343.0,0.401,IMF,216
Palau,377.0,345.0,310.0,0.377,IMF,217
Marshall Islands,342.0,308.0,281.0,0.342,IMF,218
Nauru,196.0,176.0,187.0,0.196,IMF,219
Montserrat,,,81.0,0.081,UN,220
Tuvalu,65.0,57.0,56.0,0.065,IMF,221
