iso3,country,region,income_level,gdp_usd_bn,log10_gdp,gdp_rank,rate_2015,rate_2025,value_change_pct,volatility_pct,max_yearly_drop_pct,avg_inflation_pct,gdp_source
CHN,China,East Asia & Pacific,Upper middle income,20851.593,4.319139239390451,2,6.22748867298455,7.18984737402171,-13.384967037191153,3.947792305643451,-6.275725003013022,1.4446117492482136,IMF
DEU,Germany,Europe & Central Asia,High income,5452.858,3.7366241882022426,3,0.901296423367096,0.88496895841236,1.8449760072972055,4.883245426179113,-10.965354849257015,2.377485279213962,IMF
JPN,Japan,East Asia & Pacific,High income,4379.253,3.641400036155803,4,121.044025684011,149.657926890952,-19.11953599877838,7.340701120324797,-16.53545558208549,1.2753314842004857,IMF
GBR,United Kingdom,Europe & Central Asia,High income,4264.794,3.629898058522553,5,0.654545478931426,0.759473957338608,-13.815941599219329,6.246983131621303,-11.62368063942375,3.0312436320267193,IMF
IND,India,South Asia,Lower middle income,4153.191,3.6183819042229595,6,64.1519444632786,87.1584483507393,-26.39618341400356,2.872647145427526,-5.9620992805855755,4.755145635300078,IMF
FRA,France,Europe & Central Asia,High income,3596.094,3.5558310354382043,7,0.901296423367096,0.88496895841236,1.8449760072972055,4.883245426179113,-10.965354849257015,1.7613251495996567,IMF
ITA,Italy,Europe & Central Asia,High income,2738.164,3.437459456274973,8,0.901296423367096,0.88496895841236,1.8449760072972055,4.883245426179113,-10.965354849257015,1.9085129823494242,IMF
BRA,Brazil,Latin America & Caribbean ,Upper middle income,2635.912,3.420930907229881,10,3.32690438276879,5.58728623856661,-40.45580912242129,9.30804923932607,-23.48527064075373,5.762232542961926,IMF
CAN,Canada,North America,High income,2507.34,3.399213229096589,11,1.27878620362554,1.39810565893901,-8.534366093905865,3.2919465039162428,-3.6631476094538096,2.510571204206055,IMF
AUS,Australia,East Asia & Pacific,High income,2123.963,3.3271469469500192,12,1.33109026245502,1.5519978866485,-14.233758054305367,4.860968402980769,-7.660603596601145,2.745337127208422,IMF
MEX,Mexico,Latin America & Caribbean ,Upper middle income,2120.855,3.3265109774026973,13,15.8482666666667,19.2375083333333,-17.617882773279835,7.881819444632885,-15.086706312087038,4.6507581273912555,IMF
ESP,Spain,Europe & Central Asia,High income,2091.222,3.3204001391100078,14,0.901296423367096,0.88496895841236,1.8449760072972055,4.883245426179113,-10.965354849257015,2.160728500838786,IMF
KOR,South Korea,East Asia & Pacific,High income,1931.008,3.2857840730277936,15,1130.9525,1422.44083333333,-20.492123573973885,4.521479497402532,-11.42091298130774,1.9680562029592565,IMF
TUR,Turkey,Europe & Central Asia,Upper middle income,1640.223,3.2149028974901372,16,2.72000852790578,39.4548130977983,-93.10601593482757,10.313192681692593,-46.51953472259971,28.13917208680186,IMF
IDN,Indonesia,East Asia & Pacific,Upper middle income,1539.872,3.187484622132546,17,13389.4129365079,16477.8651797836,-18.743036246375322,2.5392097358290324,-6.01326526870587,3.2163880311905855,IMF
NLD,Netherlands,Europe & Central Asia,High income,1449.704,3.161279337207724,18,0.901296423367096,0.88496895841236,1.8449760072972055,4.883245426179113,-10.965354849257015,2.8209520136377506,IMF
SAU,Saudi Arabia,"Middle East, North Africa, Afghanistan & Pakistan",High income,1388.676,3.142600929808202,19,3.75,3.75,0.0,0.0,0.0,1.7021093568526053,IMF
CHE,Switzerland,Europe & Central Asia,High income,1146.911,3.0595297180681804,20,0.962381328004354,0.831355833333334,15.76045892956226,3.700898005357019,-4.292550438602261,0.5725061497412267,IMF
POL,Poland,Europe & Central Asia,High income,1134.248,3.054708022154735,21,3.7695,3.76054166666667,0.2382192281696227,6.484443359842589,-13.366396787622925,4.233648847686991,IMF
IRL,Ireland,Europe & Central Asia,High income,779.381,2.8917498142155433,23,0.901296423367096,0.88496895841236,1.8449760072972055,4.883245426179113,-10.965354849257015,1.9933863005100498,IMF
BEL,Belgium,Europe & Central Asia,High income,776.73,2.890270079433979,24,0.901296423367096,0.88496895841236,1.8449760072972055,4.883245426179113,-10.965354849257015,2.7808497144760222,IMF
SWE,Sweden,Europe & Central Asia,High income,760.481,2.881088368029734,25,8.43484083333333,9.82070570950185,-14.111662818972881,6.886417398094885,-15.203147710015852,2.687621478049969,IMF
ISR,Israel,"Middle East, North Africa, Afghanistan & Pakistan",High income,719.848,2.8572408023614853,26,3.88683333333333,3.45189166666667,12.600096082582525,4.97926468048333,-8.391842619629742,1.48886171937266,IMF
ARG,Argentina,Latin America & Caribbean ,Upper middle income,688.378,2.837826982179525,27,9.23318552472429,1240.85125,-99.25589908341355,16.248679046030286,-67.61127157647992,,IMF
SGP,Singapore,East Asia & Pacific,High income,659.572,2.8192622107935823,28,1.374825,1.30745,5.153160732724005,1.8786254892219238,-2.551982591876689,1.539342805688915,IMF
AUT,Austria,Europe & Central Asia,High income,623.719,2.794988973920417,29,0.901296423367096,0.88496895841236,1.8449760072972055,4.883245426179113,-10.965354849257015,3.1248537456413317,IMF
ARE,United Arab Emirates,"Middle East, North Africa, Afghanistan & Pakistan",High income,621.546,2.7934732758688785,30,3.6725,3.6725,0.0,0.0,0.0,1.5204117560052248,IMF
NOR,Norway,Europe & Central Asia,High income,599.406,2.777721085879979,31,8.06416666666667,10.3958333333333,-22.428857715430574,6.399608132643496,-10.652682673138624,3.1620148477718555,IMF
THA,Thailand,East Asia & Pacific,Upper middle income,579.996,2.7634249984182513,32,34.2477166666667,32.882809252867,4.1508236212533856,4.749116160679204,-8.796742720513773,0.8799556921811977,IMF
COL,Colombia,Latin America & Caribbean ,Upper middle income,539.53,2.7320155981796765,33,2741.78166666667,4053.13583333333,-32.35406412689091,6.637457620873641,-12.028351620079981,5.751576072683059,IMF
MYS,Malaysia,East Asia & Pacific,Upper middle income,516.428,2.7130097810688825,35,3.90550026302768,4.28442415048243,-8.844219763164263,4.560409555877737,-5.857175086110411,1.82131199969415,IMF
PHL,Philippines,East Asia & Pacific,Upper middle income,512.222,2.7094582275361905,36,45.5028399421431,57.5050971489715,-20.87164060558946,4.0338057589554195,-9.587739347506085,3.2248507480363218,IMF
BGD,Bangladesh,South Asia,Lower middle income,510.705,2.70817010978775,37,77.9469083333333,121.920836605034,-36.067607060600714,4.342111873259774,-13.699652438377708,6.963381041893976,IMF
DNK,Denmark,Europe & Central Asia,High income,503.772,2.7022340254419186,38,6.72790683129629,6.62182508333333,1.6020016631058454,4.956062944195619,-11.150676177280793,1.814753101202741,IMF
ROU,Romania,Europe & Central Asia,High income,480.834,2.681995169249085,39,4.00566666666666,4.47053333333333,-10.398461033732076,4.647102419495401,-11.26290176087833,4.767265847437442,IMF
ZAF,South Africa,Sub-Saharan Africa ,Upper middle income,479.964,2.6812086640679302,40,12.7589308811644,17.8887489855833,-28.676226093580205,9.286443710921715,-13.261261766493392,4.859401534000025,IMF
HKG,Hong Kong,East Asia & Pacific,High income,450.138,2.6533456769991433,41,7.75175,7.79708333333333,-0.5814139902740934,0.49637723548458146,-0.7427349245026971,1.9224654612939893,IMF
CZE,Czech Republic,Europe & Central Asia,High income,432.597,2.6360835033417147,42,24.59875,21.882,12.415455625628358,5.532728413956184,-7.187709608825177,4.190783167087142,IMF
EGY,Egypt,"Middle East, North Africa, Afghanistan & Pakistan",Lower middle income,429.645,2.6331097620494903,43,7.69125833333333,49.2277558333333,-84.37617518179572,18.638928575203003,-43.62220220164931,16.148044864283644,IMF
CHL,Chile,Latin America & Caribbean ,High income,407.85,2.6105004666431815,44,654.124084254196,951.329454191033,-31.24105625317435,7.041177402047274,-13.094807373263729,4.601482138071739,IMF
PAK,Pakistan,"Middle East, North Africa, Afghanistan & Pakistan",Lower middle income,407.786,2.610432311615942,45,102.769271604675,281.143001173202,-63.44590789177691,10.109422134222664,-26.926084735410317,10.190228440063569,IMF
PER,Peru,Latin America & Caribbean ,Upper middle income,380.9,2.580810972660946,46,3.18443924152237,3.5670638032991,-10.72659708028909,4.595852512796963,-9.937058487777051,3.4830729763488106,IMF
PRT,Portugal,Europe & Central Asia,High income,380.637,2.5805110018038993,47,0.901296423367096,0.88496895841236,1.8449760072972055,4.883245426179113,-10.965354849257015,1.9950167283303857,IMF
NGA,Nigeria,Sub-Saharan Africa ,Lower middle income,377.365,2.576761617578391,48,192.440333333333,1518.38094813368,-87.32595179293632,17.74031282098834,-56.37530423181405,17.69613022398757,IMF
KAZ,Kazakhstan,Europe & Central Asia,Upper middle income,360.456,2.556852259004273,49,221.728333333333,521.035,-57.444637436384696,10.809634216367911,-35.197470968747666,9.488462174273149,IMF
FIN,Finland,Europe & Central Asia,High income,337.669,2.5284911916780017,50,0.901296423367096,0.88496895841236,1.8449760072972055,4.883245426179113,-10.965354849257015,1.888502652466357,IMF
DZA,Algeria,"Middle East, North Africa, Afghanistan & Pakistan",Upper middle income,317.173,2.501296210013489,51,100.691433333333,131.605925,-23.490197471479355,4.084006611140003,-7.996516910467266,5.1534877719686385,IMF
GRC,Greece,Europe & Central Asia,High income,307.554,2.4879213797637036,52,0.901296423367096,0.88496895841236,1.8449760072972055,4.883245426179113,-10.965354849257015,1.6133963811518603,IMF
NZL,New Zealand,East Asia & Pacific,High income,278.636,2.4450372269167437,54,1.433975,1.72010833333333,-16.63461119212437,5.001040515016015,-10.35918462237515,2.757393233311264,IMF
HUN,Hungary,Europe & Central Asia,High income,271.122,2.4331647595242174,55,279.3325,353.14,-20.900351135526986,7.095510987205399,-18.6408418415844,5.196064454478413,IMF
UKR,Ukraine,Europe & Central Asia,Upper middle income,225.337,2.35283250808652,57,21.8446977666667,41.6890720433333,-47.60090187673056,6.51030251455977,-15.633124318730296,14.568189086241743,IMF
QAT,Qatar,"Middle East, North Africa, Afghanistan & Pakistan",High income,217.416,2.337291501369506,58,3.64,3.64,0.0,0.0,0.0,1.3529140371998576,IMF
MAR,Morocco,"Middle East, North Africa, Afghanistan & Pakistan",Lower middle income,194.333,2.288546555108212,59,9.76434827950111,9.35027697089947,4.428438963790482,5.004825600480564,-11.536417819874723,2.054404914045514,IMF
UZB,Uzbekistan,Europe & Central Asia,Lower middle income,181.502,2.25888141495989,60,2567.98721339827,12579.3943476702,-79.58576428702324,14.251839556754312,-42.0155711405517,11.486661258534253,IMF
KWT,Kuwait,"Middle East, North Africa, Afghanistan & Pakistan",High income,172.92,2.237845226861614,61,0.300852025,0.306454776364578,-1.8282473619900763,0.8136271052191965,-1.5043400244362348,2.607781486672493,IMF
SVK,Slovakia,Europe & Central Asia,High income,168.897,2.2276219355685414,62,0.901296423367096,0.88496895841236,1.8449760072972055,4.883245426179113,-10.965354849257015,3.708726663205171,IMF
AGO,Angola,Sub-Saharan Africa ,Lower middle income,152.354,2.1828538609552983,63,120.060701665019,911.99303781631,-86.8353488802399,22.690355836385194,-36.909595250042806,21.639318176370168,IMF
BGR,Bulgaria,Europe & Central Asia,High income,148.121,2.170616635412349,64,1.7644,1.73519166666667,1.6832914711629288,4.919795070200402,-11.094137095293066,3.985657805861648,IMF
KEN,Kenya,Sub-Saharan Africa ,Lower middle income,147.265,2.168099541730427,65,98.1784533265271,129.302572099377,-24.07076538966996,5.847231833222676,-15.717528023976124,6.019797490935312,IMF
DOM,Dominican Republic,Latin America & Caribbean ,Upper middle income,136.148,2.1340112659819437,67,45.0454990740741,61.9865666666667,-27.330224117256464,3.3254544417605367,-9.25204453995213,3.991054422590997,IMF
GTM,Guatemala,Latin America & Caribbean ,Upper middle income,128.886,2.1102057454918386,69,7.654815,7.68012458333333,-0.32954652048554633,1.7006477906225852,-2.3066221685099197,3.9671894744718816,IMF
COD,DR Congo,Sub-Saharan Africa ,Low income,123.406,2.0913362756092506,70,925.984961280393,2693.24060103248,-65.6181864730018,8.48331967195984,-31.00994358632333,,IMF
GHA,Ghana,Sub-Saharan Africa ,Lower middle income,118.293,2.07295904596927,72,3.71464166666667,12.556825,-70.41734939631101,12.441971788070964,-29.818432377544603,17.10937941827033,IMF
OMN,Oman,"Middle East, North Africa, Afghanistan & Pakistan",High income,117.176,2.068838668551358,73,0.3845,0.3845,0.0,0.0,0.0,0.9488896068637018,IMF
HRV,Croatia,Europe & Central Asia,High income,116.574,2.06660169865928,74,0.9102533346605614,0.88496895841236,2.8570918796475775,5.068508229048188,-11.168815708406932,2.7187762409369927,IMF
CIV,Ivory Coast,Sub-Saharan Africa ,Lower middle income,112.115,2.049663721260658,75,591.21169798261,581.92848104034,1.5952504894886754,4.917518626583079,-11.098669211388435,2.145750483140434,IMF
SRB,Serbia,Europe & Central Asia,Upper middle income,112.025,2.049314952585081,76,108.811425,103.9754,4.651124208226176,5.348372116732922,-10.985135074825836,4.366341340139705,IMF
LUX,Luxembourg,Europe & Central Asia,High income,110.417,2.043035943300904,78,0.901296423367096,0.88496895841236,1.8449760072972055,4.883245426179113,-10.965354849257015,2.1364138231124845,IMF
CRI,Costa Rica,Latin America & Caribbean ,High income,109.931,2.0411201785972173,79,534.565769969278,503.496832373272,6.170632186415181,7.186295260565225,-5.780404042638654,1.5902185501427724,IMF
LTU,Lithuania,Europe & Central Asia,High income,105.907,2.0249246660650257,81,0.901296423367096,0.88496895841236,1.8449760072972055,4.883245426179113,-10.965354849257015,4.362727167582617,IMF
BLR,Belarus,Europe & Central Asia,Upper middle income,102.042,2.008778962094276,82,1.59259883333333,3.069175,-48.10987208831917,7.830627523516455,-19.952322859536096,8.13419693432623,IMF
URY,Uruguay,Latin America & Caribbean ,High income,96.092,1.982687232616751,84,27.3273666666667,41.1909791666667,-33.65691416051349,7.7757444775126405,-16.085187326629846,7.453597651767205,IMF
SVN,Slovenia,Europe & Central Asia,High income,86.732,1.9381793611366491,87,0.901296423367096,0.88496895841236,1.8449760072972055,4.883245426179113,-10.965354849257015,2.427176886927496,IMF
BOL,Bolivia,Latin America & Caribbean ,Lower middle income,80.743,1.9071048815523874,90,6.91,6.91,0.0,0.0,0.0,4.1123106185049405,IMF
AZE,Azerbaijan,Europe & Central Asia,Upper middle income,78.372,1.8941609298083817,91,1.02456381855059,1.7,-39.73154008525941,11.35670381458723,-35.79307091685923,6.742559602390824,IMF
UGA,Uganda,Sub-Saharan Africa ,Low income,73.37,1.865518519074774,92,3240.64542033826,3602.98994206814,-10.05677305671,3.278298265685752,-5.292566358523743,4.268928921699389,IMF
CMR,Cameroon,Sub-Saharan Africa ,Lower middle income,65.135,1.8138144174810427,93,591.21169798261,581.92848104034,1.5952504894886754,4.917518626583079,-11.098669211388435,3.0899546003763736,IMF
JOR,Jordan,"Middle East, North Africa, Afghanistan & Pakistan",Upper middle income,64.909,1.8123049183619466,94,0.71,0.71,0.0,0.0,0.0,1.6553556801915315,IMF
PRY,Paraguay,Latin America & Caribbean ,Upper middle income,60.542,1.782056763740091,96,5204.92080811087,7545.44675537411,-31.019050602885002,3.5075063183722506,-8.211211210051793,4.2161423543814065,IMF
MAC,Macau,East Asia & Pacific,High income,54.228,1.7342235873788265,99,7.98496041666667,8.02981025,-0.55854163345056,0.4958102742921684,-0.7398984318162327,1.5708296665368786,IMF
LVA,Latvia,Europe & Central Asia,High income,53.686,1.7298610470505493,100,0.901296423367096,0.88496895841236,1.8449760072972055,4.883245426179113,-10.965354849257015,3.9405361547734143,IMF
LBY,Libya,"Middle East, North Africa, Afghanistan & Pakistan",Upper middle income,52.453,1.7197703323043412,101,1.38120985962103,5.30256666666666,-73.95205102646457,21.594184862855887,-69.23934535484253,8.021316278071332,IMF
KHM,Cambodia,East Asia & Pacific,Lower middle income,52.379,1.719157202782845,102,4067.75,4013.43310400666,1.3533773850401332,0.6389575112753806,-0.7729277164794879,2.549898277392455,IMF
EST,Estonia,Europe & Central Asia,High income,51.634,1.7129357704207988,103,0.901296423367096,0.88496895841236,1.8449760072972055,4.883245426179113,-10.965354849257015,4.536538559765378,IMF
BHR,Bahrain,"Middle East, North Africa, Afghanistan & Pakistan",High income,48.849,1.6888556775956896,104,0.376,0.376,0.0,0.0,0.0,0.9703537527458703,IMF
NPL,Nepal,South Asia,Lower middle income,45.844,1.661282503857652,105,102.405134331356,139.115437592696,-26.3883749327813,2.7158336970265142,-5.6432961549767064,5.519699097256987,IMF
CYP,Cyprus,Europe & Central Asia,High income,45.171,1.6548597051213818,106,0.901296423367096,0.88496895841236,1.8449760072972055,4.883245426179113,-10.965354849257015,1.3057012827678915,IMF
ISL,Iceland,Europe & Central Asia,High income,43.8,1.6414741105040995,108,131.918708431432,128.441487054951,2.7072416056607373,8.300113021446752,-11.668684261877083,4.097472650876661,IMF
GEO,Georgia,Europe & Central Asia,Upper middle income,42.716,1.630590577839291,109,2.26934166666667,2.74264166666667,-17.257084866476035,7.2005371629629105,-10.078763394597157,4.888745594884834,IMF
HND,Honduras,Latin America & Caribbean ,Lower middle income,41.505,1.6181004181966332,110,21.945175,25.9526748179551,-15.441567568914138,1.9678492049036205,-4.444213879661596,4.675908942731383,IMF
ZMB,Zambia,Sub-Saharan Africa ,Lower middle income,41.243,1.6153502481744988,111,8.63166666666667,25.2756892021939,-65.84992560393783,14.968844776990828,-29.732147295516633,12.702692949951892,IMF
SEN,Senegal,Sub-Saharan Africa ,Lower middle income,40.469,1.607122472989352,112,591.21169798261,581.92848104034,1.5952504894886754,4.917518626583079,-11.098669211388435,2.4668203902283024,IMF
HTI,Haiti,Latin America & Caribbean ,Lower middle income,39.18,1.5930644316587175,114,50.7064266739439,130.626409210526,-61.18210170485347,11.641025982363864,-23.400574351667224,20.55701528968218,IMF
BIH,Bosnia and Herzegovina,Europe & Central Asia,Upper middle income,36.771,1.5655054408173654,115,1.76349164694686,1.73592901689708,1.587774026558253,4.907582611674437,-11.064210165645349,2.358554062376509,IMF
LBN,Lebanon,"Middle East, North Africa, Afghanistan & Pakistan",Lower middle income,34.497,1.537781328693677,116,1507.5,89500.0,-98.31564245810056,36.621195638030365,-89.13562452141795,63.71631167776,IMF
PNG,Papua New Guinea,East Asia & Pacific,Lower middle income,34.403,1.5365963154388915,117,2.76841166666667,4.12272372720281,-32.849934901046964,3.466546244781837,-11.63786227512671,4.393265020269902,IMF
GUY,Guyana,Latin America & Caribbean ,High income,33.961,1.5309804697959382,118,206.5,208.5,-0.959232613908878,0.20864609562608843,-0.5857337719651801,2.4079521276155194,IMF
MLI,Mali,Sub-Saharan Africa ,Low income,33.847,1.5295201814056836,119,591.21169798261,581.92848104034,1.5952504894886754,4.917518626583079,-11.098669211388435,2.0527986069991218,IMF
BFA,Burkina Faso,Sub-Saharan Africa ,Low income,32.513,1.5120570440373393,121,591.21169798261,581.92848104034,1.5952504894886754,4.917518626583079,-11.098669211388435,2.3224662842906922,IMF
ARM,Armenia,Europe & Central Asia,Upper middle income,31.873,1.5034229427372336,122,477.918306576099,387.010152166483,23.489862966310326,6.035923566608365,-2.9300724327760874,2.714124059804367,IMF
MLT,Malta,"Middle East, North Africa, Afghanistan & Pakistan",High income,30.712,1.4873080991093486,123,0.901296423367096,0.88496895841236,1.8449760072972055,4.883245426179113,-10.965354849257015,2.118723847238577,IMF
MNG,Mongolia,East Asia & Pacific,Upper middle income,28.45,1.4540822707310899,125,1970.30916666667,3545.14356555046,-44.42230250382717,4.476863524314831,-12.275151063577706,6.934553910796674,IMF
BEN,Benin,Sub-Saharan Africa ,Lower middle income,27.786,1.443826031377537,126,591.21169798261,581.92848104034,1.5952504894886754,4.864990593365441,-10.965354849256915,1.1117258492087272,IMF
TTO,Trinidad and Tobago,Latin America & Caribbean ,High income,26.836,1.4287177832038316,127,6.37744166666667,6.74884660621027,-5.503235755896929,1.4448573363918613,-4.3713668784269295,2.388059751150813,IMF
TCD,Chad,Sub-Saharan Africa ,Low income,25.628,1.408714715319823,128,591.21169798261,581.92848104034,1.5952504894886754,4.917518626583079,-11.098669211388435,2.786679918659969,IMF
NER,Niger,Sub-Saharan Africa ,Low income,24.813,1.3946792755450985,129,591.21169798261,581.92848104034,1.5952504894886754,4.917518626583079,-11.098669211388435,2.148367987309839,IMF
NIC,Nicaragua,Latin America & Caribbean ,Lower middle income,24.227,1.3842996393083846,130,27.2568449404762,36.6243,-25.577157951206708,1.8664419069183866,-4.766148147409677,5.0787383688673735,IMF
GAB,Gabon,Sub-Saharan Africa ,Upper middle income,23.363,1.3685286089793898,132,591.21169798261,581.92848104034,1.5952504894886754,4.917518626583079,-11.098669211388435,2.2612899839331093,IMF
JAM,Jamaica,Latin America & Caribbean ,Upper middle income,23.028,1.3622562207830964,134,116.969776646049,159.096428305753,-26.478691010425827,2.3178906013146867,-6.49526816384034,5.035682100983118,IMF
BWA,Botswana,Sub-Saharan Africa ,Upper middle income,21.937,1.3411772352473648,135,10.1289916666667,13.5023833333333,-24.983675721446286,5.504012195213999,-10.361143656388371,4.230797466026363,IMF
MDA,Moldova,Europe & Central Asia,Upper middle income,21.889,1.34022592125719,136,18.8184751452893,17.3778474404762,8.290023892473686,5.544173678036145,-6.438647769648953,8.541098527357219,IMF
MKD,North Macedonia,Europe & Central Asia,Upper middle income,21.605,1.3345542706472489,137,55.537075,54.6549666666667,1.6139582313043244,4.924973772965392,-11.049595478797947,3.508800477111815,IMF
MDG,Madagascar,Sub-Saharan Africa ,Low income,21.185,1.3260284683370085,138,2933.50833333333,4529.75125196405,-35.23908554445693,3.5836678839741825,-7.837047514698026,7.269689874784138,IMF
TJK,Tajikistan,Europe & Central Asia,Lower middle income,20.418,1.310013199479453,139,6.16311666666667,10.0177083333333,-38.47777893313899,8.127633320392803,-21.34542759026288,,IMF
RWA,Rwanda,Sub-Saharan Africa ,Low income,17.336,1.2389488983117616,143,719.8595555,1428.47827558333,-49.60654510436711,3.1040227679621646,-11.988943429078148,6.876377284079485,IMF
NAM,Namibia,Sub-Saharan Africa ,Lower middle income,17.314,1.2383974131812707,144,12.8819208333333,17.8887333333333,-27.988636236588437,9.200207219823183,-12.420115667980735,4.529060982546568,IMF
MUS,Mauritius,Sub-Saharan Africa ,Upper middle income,17.119,1.233478391931892,146,35.0567,45.9969666666667,-23.78475682092086,3.9117657285956864,-9.844265711516542,3.7515553628349223,IMF
COG,Congo,Sub-Saharan Africa ,Lower middle income,17.028,1.2311636415050988,148,591.21169798261,581.92848104034,1.5952504894886754,4.917518626583079,-11.098669211388435,2.4106282473317995,IMF
BRN,Brunei,East Asia & Pacific,High income,16.863,1.2269348400126001,149,1.37491084459887,1.307595108858,5.148056557022529,1.8689683016633027,-2.5489880345324734,0.5116693890567257,IMF
XKX,Kosovo,Europe & Central Asia,Upper middle income,14.053,1.147769046260147,153,0.901296423367096,0.887144250370588,1.595250489488742,4.91751862658311,-11.098669211388511,2.773636991695956,IMF
GNQ,Equatorial Guinea,Sub-Saharan Africa ,Upper middle income,13.722,1.1374174149903922,154,591.21169798261,581.92848104034,1.5952504894886754,4.917518626583079,-11.098669211388435,2.166048300437658,IMF
TGO,Togo,Sub-Saharan Africa ,Lower middle income,13.437,1.1283023171643503,155,591.21169798261,581.92848104034,1.5952504894886754,4.917518626583079,-11.098669211388435,2.4662848994653435,IMF
CHI,Channel Islands,Europe & Central Asia,High income,12.507,1.09715314984596,156,0.654545478931426,0.759473957338607,-13.815941599219217,6.246983131621312,-11.62368063942375,,World Bank
MCO,Monaco,Europe & Central Asia,High income,11.126,1.046339055604809,157,0.901296423367096,0.88496895841236,1.8449760072972055,4.883245426179113,-10.965354849257015,,World Bank
MNE,Montenegro,Europe & Central Asia,Upper middle income,10.227,1.0097482559485536,158,0.901296423367096,0.887144250370588,1.595250489488742,4.91751862658311,-11.098669211388511,3.422446205441787,IMF
LIE,Liechtenstein,Europe & Central Asia,High income,9.442,0.9750639960952361,159,0.962381328004354,0.831355833333333,15.760458929562393,3.700898005357036,-4.292550438602261,,IMF
NCL,New Caledonia,East Asia & Pacific,High income,8.549,0.9319153170812461,161,107.553234404315,105.864431541948,1.5952504894883868,4.917518626583275,-11.098669211388689,,World Bank
BRB,Barbados,Latin America & Caribbean ,High income,8.483,0.9285494670016639,162,2.0,2.0,0.0,0.0,0.0,1.8865194453786636,IMF
BDI,Burundi,Sub-Saharan Africa ,Low income,8.137,0.9104643159956136,164,1571.89833333333,2943.1375,-46.591067072696056,5.836819493783877,-20.968697103374122,12.67890379882645,IMF
MDV,Maldives,South Asia,Upper middle income,8.13,0.9100905455940682,165,15.3663312211982,15.415677547363,-0.32010481545938774,0.07412750428507162,-0.17178108472325482,1.2894732904843835,IMF
CYM,Cayman Islands,Latin America & Caribbean ,High income,7.765,0.8901414600645773,166,0.83333,0.83333,0.0,0.0,0.0,,World Bank
IMN,Isle of Man,Europe & Central Asia,High income,7.576,0.879439965995217,167,0.654545478931426,0.759473957338608,-13.815941599219329,6.246983131621347,-11.62368063942375,,World Bank
FJI,Fiji,East Asia & Pacific,Upper middle income,6.352,0.8029104894190399,170,2.09762981633101,2.29903333333333,-8.76035654125591,2.8199342425314673,-5.9404578253768765,2.350663457043703,IMF
PYF,French Polynesia,East Asia & Pacific,High income,6.324,0.8009918612601714,171,107.553234404315,105.864431541948,1.5952504894883868,4.917518626583275,-11.098669211388689,,World Bank
SUR,Suriname,Latin America & Caribbean ,Upper middle income,5.908,0.7714404866399119,173,3.41666666666667,37.2601791666667,-90.8302462761015,19.779844030573887,-48.95709415228391,34.197900984095,IMF
SWZ,Eswatini,Sub-Saharan Africa ,Lower middle income,5.792,0.7628285531890905,174,12.7589308811644,17.8889209208377,-28.676911605650236,9.297013313232153,-13.261261766493392,,IMF
DJI,Djibouti,"Middle East, North Africa, Afghanistan & Pakistan",Lower middle income,4.725,0.6744018128452817,177,177.721,177.721,0.0,0.0,0.0,1.5721401378485889,IMF
ABW,Aruba,Latin America & Caribbean ,High income,4.671,0.6694098672877827,179,1.79,1.79,0.0,0.0,0.0,,IMF
FRO,Faroe Islands,Europe & Central Asia,High income,4.053,0.6077766037416931,180,6.72790683129629,6.62182508333333,1.6020016631058454,4.956062944195619,-11.150676177280793,,World Bank
BTN,Bhutan,South Asia,Lower middle income,3.856,0.5861370252307931,181,64.1519444632786,87.1584483507393,-26.39618341400356,2.872647145427526,-5.9620992805855755,4.303150147478492,IMF
CUW,Curaçao,Latin America & Caribbean ,High income,3.561,0.5515719736742537,182,1.79,1.79,0.0,0.0,0.0,,World Bank
CAF,Central African Republic,Sub-Saharan Africa ,Low income,3.492,0.5430742350335321,183,591.21169798261,581.92848104034,1.5952504894886754,4.917518626583079,-11.098669211388435,2.8943454052072544,IMF
BLZ,Belize,Latin America & Caribbean ,Upper middle income,3.45,0.5378190950732742,184,2.0,2.0,0.0,0.0,0.0,1.798429864070019,IMF
CPV,Cape Verde,Sub-Saharan Africa ,Upper middle income,3.448,0.5375672571526752,185,99.3856935425685,97.8631517010164,1.5557866419463329,4.934866409035469,-11.104933220069046,1.762382862543275,IMF
GRL,Greenland,Europe & Central Asia,High income,3.327,0.5220528008688224,186,6.7279068312963,6.62182508333333,1.6020016631060008,4.956062944195618,-11.150676177280793,,World Bank
GNB,Guinea-Bissau,Sub-Saharan Africa ,Low income,2.985,0.4749443354653879,187,591.21169798261,581.92848104034,1.5952504894886754,4.917518626583079,-11.098669211388435,2.7104395818862552,IMF
LSO,Lesotho,Sub-Saharan Africa ,Lower middle income,2.972,0.4730488050885377,188,12.7589308811644,17.8887489855833,-28.676226093580205,9.286443710921715,-13.261261766493392,5.474268880703781,IMF
GMB,Gambia,Sub-Saharan Africa ,Low income,2.792,0.44591541395112344,189,42.5062080923725,71.2893818242692,-40.375120383072215,3.2893257416560657,-10.103496143279301,8.905809195303698,IMF
LCA,Saint Lucia,Latin America & Caribbean ,Upper middle income,2.765,0.4416951356407171,190,2.7,2.7,0.0,0.0,0.0,1.2724300107657387,IMF
SMR,San Marino,Europe & Central Asia,High income,2.417,0.38327665040765035,192,0.901296423367096,0.887144250370588,1.595250489488742,4.91751862658311,-11.098669211388511,1.7924317347338332,IMF
ATG,Antigua and Barbuda,Latin America & Caribbean ,High income,2.385,0.37748838337613266,193,2.7,2.7,0.0,0.0,0.0,2.582305711330405,IMF
SYC,Seychelles,Sub-Saharan Africa ,High income,2.251,0.35237549500051996,194,13.313925,14.7254562696937,-9.585653876129852,9.42153791707542,-20.34039077278318,2.2331895913970032,IMF
ERI,Eritrea,Sub-Saharan Africa ,Low income,1.982,0.2971036501492565,196,15.375,15.075,1.9900497512437942,0.5734329088972503,0.0,,IMF
SXM,Sint Maarten,Latin America & Caribbean ,High income,1.888,0.27600198996205016,197,1.79,1.79,0.0,0.0,0.0,,World Bank
SLB,Solomon Islands,East Asia & Pacific,Lower middle income,1.836,0.26387267686522364,198,7.91468897735788,8.32684233252033,-4.949695679390887,1.6418614470167807,-2.7026017990874562,2.4965086408752324,IMF
COM,Comoros,Sub-Saharan Africa ,Lower middle income,1.814,0.2586372827240765,200,443.408773486957,435.376187289973,1.8449760072968946,4.883245426179139,-10.965354849257103,3.287789275908936,IMF
GRD,Grenada,Latin America & Caribbean ,Upper middle income,1.483,0.17114115102838207,202,2.7,2.7,0.0,0.0,0.0,0.9906871975778754,IMF
WSM,Samoa,East Asia & Pacific,Upper middle income,1.376,0.13861843389949247,204,2.5608736880983,2.79150381915391,-8.261859771537505,2.3231594232523736,-4.94255937314051,3.071919070198058,IMF
VCT,Saint Vincent and the Grenadines,Latin America & Caribbean ,Upper middle income,1.236,0.09201847075279702,205,2.7,2.7,0.0,0.0,0.0,1.7381455217690784,IMF
KNA,Saint Kitts and Nevis,Latin America & Caribbean ,High income,1.143,0.05804623039528174,207,2.7,2.7,0.0,0.0,0.0,0.28811680501878867,IMF
DMA,Dominica,Latin America & Caribbean ,Upper middle income,0.791,-0.10182351650232342,210,2.7,2.7,0.0,0.0,0.0,1.7071791270229184,IMF
TON,Tonga,East Asia & Pacific,Upper middle income,0.716,-0.14508697769214446,211,2.10576325744967,2.41052686435725,-12.643028850410387,1.797675321809336,-4.96004766099084,4.240071309290455,IMF
MAF,Saint Martin,Latin America & Caribbean ,High income,0.649,-0.18775530319963074,212,0.901296423367096,0.88496895841236,1.8449760072972055,4.883245426179113,-10.965354849257015,,World Bank
KIR,Kiribati,East Asia & Pacific,Lower middle income,0.401,-0.39685562737981767,216,1.33109026245502,1.5519978866485,-14.233758054305367,4.860968402980718,-7.660603596601145,2.3287139260720773,IMF
NRU,Nauru,East Asia & Pacific,High income,0.196,-0.707743928643524,219,1.33109026245502,1.5519978866485,-14.233758054305367,4.860968402980718,-7.660603596601145,,IMF
TUV,Tuvalu,East Asia & Pacific,Upper middle income,0.065,-1.1870866433571443,221,1.33109026245502,1.5519978866485,-14.233758054305367,4.860968402980769,-7.660603596601145,,IMF
